Жуковский, Московская область, Россия;г. Жуковский, ул. Гагарина, 60А ТЦ Самолет;Жуковский;09:00-23:00;;
Рыбинск, Ярославская область, Россия;Ярославская область, г. Рыбинск, ул. Бабушкина, д. 29 ТЦ Виконда;;9:00-23:00;+7 (4855) 23-91-54 доб. 180;
Новомосковск, муниципальное образование Город Новомосковск, Тульская область, Россия;Новомосковск, ул. Калинина, 22/47;Новомосковск;9:00-24:00;"+7 (4876) 22-18-97 доб. 108; 199";
Чехов, городской округ Чехов, Московская область, Россия;М.О, г. Чехов, Симферопольское ш. д.1;Чехов,;Круглосуточно;+7 (495) 139-12-95;
Москва, Россия;Варшавское ш. 21-й км, 32-й км МКАД ТЦ Лужайка;Москва;8:00-22:00,;+7 (499) 213-30-47 доб. 108;
поселение Мосрентген, Москва, Россия;МО, п. Мосрентген, р-он Мамыри, уч. 88Ю;;8:00-23:00;+7 (495) 651-89-74;
Дмитров, Московская область, Россия;г. Дмитров, ул. Бирлово Поле, 2;Бирлово Поле,;Круглосуточно;"+7 (495) 642-68-33 доб. 199; 208";
Подольск, Московская область, Россия;г. Подольск, Симферопольское ш. 20А, стр.1;Подольск;Круглосуточно;+7 (495) 662-88-88 доб. 66-560;
Бронницы, Московская область, Россия;М.О., г. Бронницы, Каширский переулок, д. 66;Бронницы;Круглосуточно;+7 (495) 644-11-35 доб. 300;
Домодедово, Московская область, Россия;М.О., г. Домодедово, ул. Краснодарская, д. 2;Краснодарский;круглосуточно;+7 (495) 642-67-80;
Москва, Россия;ул. Декабристов, д. 12 ТЦ Золотой Вавилон;Отрадное;8:00-24:00;+7 (499) 904-60-01 доб. 108;
Мытищи, Московская область, Россия;М.О., г. Мытищи, ул. Коммунистическая, д. 1 ТЦ XL;Фуражная;9:00-23:00;+7 (495) 543-91-51 доб. 178;
Химки, Московская область, Россия;М.О., г. Химки, Ленинградское шоссе, владение 5;Химки;Круглосуточно;+7 (495) 642-99-85;
Москва, Россия;г. Москва, пр-т Андропова, 8А ТЦ Мегаполис;Андропова;Круглосуточно;+7 (499) 933-20-13;
Москва, Россия;"Ленинградское ш., 16А, стр.4
ТРЦ Метрополис (магазин ПЕРЕКРЕСТОК ГИПЕР)";«Перекресток ГИПЕР», Войковская;10:00-03:00;+7 (495) 139-12-91 доб. 104;
Москва, Россия;Северное Бутово, ул. Поляны, д. 8 ТЦ Вива;Вива;8:00-23:00;+7 (499) 553-81-13 доб. 210;
Москва, Россия;Новоясеневский пр-т, д. 1 ТЦ Спектр;Теплый Стан;9:00-23:00;+7 (499) 284-60-39;
Санкт-Петербург, Россия;Ленинский пр-т, 100, стр.1 ТЦ Фиолент;Жукова (Ленинский);круглосуточно;+7 (812) 448-93-75 (доб. 349);
Санкт-Петербург, Россия;пр-т Маршала Блюхера, д. 41;Маршала Блюхера;Круглосуточно;+7 (812) 448 42 56 доб. 14331;
Санкт-Петербург, Россия;пр. Просвещения, д. 74, к. 2;Проспект Просвещения;круглосуточно;+7 (812) 336-86-50;
Санкт-Петербург, Россия;пр-т Просвещения, 60, корп.1, лит.А;Руднева;Круглосуточно;+7 (812) 407-70-91 доб. 358;
Санкт-Петербург, Россия;ул. Бухарестская, д. 89;Бухарестский;круглосуточно;+7 (812) 448-40-10;
Санкт-Петербург, Россия;г. Санкт-Петербург, ул. Карбышева, 9, лит.А;Карбышева;Круглосуточно;+7 (812) 336-85-10 доб. 18-662;
Санкт-Петербург, Россия;ул. Коллонтай, 3А ТЦ Лондон Молл;Коллонтай;Круглосуточно;+7 (812) 448-42-57;
Санкт-Петербург, Россия;ул. Кузнецовская, д. 31;Кузнецовский;круглосуточно;+7 (812) 448-67-35;
Санкт-Петербург, Россия;ул. Партизана Германа, д. 47;Партизана Германа;круглосуточно;+7 (812) 448-40-60;
Санкт-Петербург, Россия;ул. Савушкина, д. 116;Савушкин;круглосуточно;+7 (812) 448-63-10;
Санкт-Петербург, Россия;пр-т Большевиков, д. 32, к. 1, лит. А;Большевиков;круглосуточно;+7 (812) 449-81-20;
Санкт-Петербург, Россия;Коломяжский пр-т, 17А ТЦ Сити Молл;Коломяжский;Круглосуточно;+7 (812) 448-44-32;
Санкт-Петербург, Россия;ул. Руставели, 43А;Руставели;Круглосуточно;+7 (812) 363-27-00 доб. 300;
Ленинградская область, Россия;Л.О., г. Сосновый Бор, ул. Красных Фортов, д. 26;Красных Фортов;Круглосуточно;+7 (813) 692-87-06;
Санкт-Петербург, Россия;Индустриальный пр-т, д. 24 ТЦ Июнь;Июнь;10:00-22:00;+7 (812) 448-78-90;
микрорайон Соцгород-I, Нижний Новгород, Россия;г. Нижний Новгород, ул. Плотникова, 3А;Плотникова;8:00-22:00;+7 (831) 281-02-94;
Нижний Новгород, Россия;Московское ш., д. 122;Красный якорь;8:00-22:00;+7 (831) 220-13-20;
Нижний Новгород, Россия;Московское ш., д. 296 А;Канавинский;8:00-22:00;"+7 (831) 296-95-34 доб. 106; 199";
Нижний Новгород, Россия;Комсомольская пл., д. 2;Комсомольская площадь;8:00-22:00;+7 (831) 281-02-94 доб. 235;
Чебоксары, Чувашская Республика, Россия;ул. Карла Маркса, д. 52/1;Чебоксары;8:00-22:00;+7 (8352) 24-03-03;
Чебоксары, Чувашская Республика, Россия;пр-т И. Я. Яковлева, д. 4б;Чебоксары;8:00-22:00;+7 (8352) 36-80-01;
Дзержинск, Нижегородская область, Россия;Н.О., г. Дзержинск, пр-т Циолковского, д. 61;Дзержинск;8:00-22:00;+7 (8313) 33-80-02 доб. 199;
Киров, Россия;г. Киров, ул. Горького, 5А ТЦ Джем молл;Герцена;9:00-22:00;+7 (8332) 29-53-00 доб. 209;
Казань, Республика Татарстан, Россия;ул. Ямашева, д. 93 ТЦ Савиново;Савиново;9:00-24:00;+7 (843) 204-21-31 доб. 50-049;
Казань, Республика Татарстан, Россия;ул. Ибрагимова, д. 56 ТРК Тандем;Тандем;9:00-24:00;+7 (843) 204-58-86 доб. 50-148;
Казань, Республика Татарстан, Россия;ул. Юлиуса Фучика, д. 90 ТРЦ Франт;Фучика;9:00-24:00;+7 (843) 204-58-85 доб. 225;
Набережные Челны, Республика Татарстан, Россия;пр-т Сююмбике, д. 2/19 ТЦ Омега;Омега;9:00-23:00;+7 (8552) 53-43-02 доб. 148;
Уфа, Республика Башкортостан, Россия;пр-т Октября, д. 34;Семья;9:00-24:00;+7 (347) 293-62-35 доб. 199;
Саратов, Россия;г. Саратов,	Ново-Астраханское ш., 80 ТРЦ Сити Молл;Новоастрахановское;9:00-24:00;+7(495) 662-88-88	доб. 48-974;
Самара, Россия;Московское ш., д. 81А ТЦ Парк Хаус;Парк Хаус;9:00-24:00;+7 (846) 379-20-80 доб. 46-167;
Самара, Россия;ул. Ново-Садовая, д. 160М ТЦ Мега Сити;Мега Сити;9:00-24:00;+7 (846) 379-20-80 доб. 46-237;
Тамбов, Россия;г. Тамбов ул. Мичуринская, 211 ∕ ул. Чичерина, 27	ТЦ Браво-Сити;Тамбов, ул. Чичерина/Мичуринская;8:00-23:00;"+7 (4752) 58-20-38 доб. 208; 207";
Самара, Россия;пр-т Кирова, д. 147 ТЦ Вива Ленд;Рубин;9:00-24:00;+7 (846) 379-20-80 доб. 46-127;
Самара, Россия;Московское ш., д. 185А ТЦ Самолет;Самолет (Ипподром);9:00-24:00;+7 (846) 379-20-80 доб. 36-708;
Тверь, Россия;г. Тверь, ул. Коминтерна, 20, стр.1;Тверь;Круглосуточно;+7 (4822) 79-08-01 доб. 103;
Тюмень, Россия;г. Тюмень, ул. Максима Горького, 70 ТРЦ Гудвин;ТРЦ Гудвин;9:00-24:00;+7 (3452) 79-06-07 доб. 142;
микрорайон Пионерский, Кировский район, Екатеринбург, Свердловская область, Россия;ул. Сулимова, д. 50 TРК Парк Хаус;Сулимова;9:00-23:00;+7 (343) 298-22-18 доб. 206;
Екатеринбург, Свердловская область, Россия;ул. Малышева, д. 5 ТЦ Алатырь;7 Небо;9:00-24:00;+7 (343) 253-78-85 доб. 205;
Екатеринбург, Свердловская область, Россия;Дублер Сибирского тракта, д. 2 ТРЦ Комсомолл;Дублер Сибирского тракта;10:00-23:00;+7 (343) 317-05-51 доб. 225;
Воронеж, Россия;г. Воронеж, ул. Космонавтов, 27А;Космонавтов;8:00-24:00;+7 (4732) 60-51-61 доб. 245;
Липецк, Россия;ул. Катукова, д. 11;Катукова;8:00-23.00;+7 (4742) 56-16-02 доб. 32-949;
Липецк, Россия;ул. Гагарина, д. 100Б;Гагарина;8:00-24:00;+7 (4742) 25-22-52 доб. 32-427;
Воронеж, Россия;г. Воронеж, Ленинский пр-т, 174Р ТРЦ Максимир;МаксиМир;9:00-24:00;+7 (4732) 33-02-44 доб. 199;
Ярославль, Россия;Ленинградский пр-т, д. 123;Ярославль;9:00-24:00;+7 (4852) 58-14-85;
Волгоград, Россия;ул. им. Землячки, д. 110;Землячки;9:00-23:00;+7 (8442) 26-90-40 доб. 71-140;
микрорайон Семь Ветров, Волгоград, Россия;бульвар 30-ти Летия Победы, д. 21 ТЦ Парк Хаус;Волгоград-Сити;9:00-24:00;+7 (8442) 26-55-89 доб. 299;
Волгоград, Россия;пр-т Ленина, д. 54Б ТРК Европа Сити Молл;Сан-Сити;9:00-23:00;+7 (8442) 26-06-50 доб. 319;
Волжский, Волгоградская область, Россия;+7 (8443) 21-60-42;Волга-Молл;7:00 — 24:00;+7 (8443) 216-032;
Ижевск, Удмуртская Республика, Россия;г. Ижевск, ул. Автозаводская, д. 3А ТЦ Столица;Автозаводский;9:00-22:00;+7 (3412) 91-69-17;
Ижевск, Удмуртская Республика, Россия;г. Ижевск, ул. Холмогорова, д. 11 ТЦ Талисман;Талисман;9:00-22:00;+7 (3412) 32-01-32;
Старый Оскол, Белгородская область, Россия;Белгородская обл., г. Старый Оскол, мкр-н Дубрава-1, д. 23;Дубрава;8:00-24:00;+7 (4725) 23-00-38 доб. 104;
Белгород, Россия;ул. Щорса, д. 64 ТЦ Сити Молл Белгородский;Щорса;8:00-24:00;+7 (4722) 24-88-68 доб. 199;
Сочи, Краснодарский край, Россия;г. Сочи, ул. Транспортная, 28 ТРЦ Олимп;Сочи;9:00-24:00;+7 (8622) 25-52-00;
Уфа, Республика Башкортостан, Россия;г. Уфа, ул. Маршала Жукова, 12;Жукова;9.00-23.00;+7 (347) 264-07-99 доб. 199;
Московский административный округ, Рязань, Россия;Московское шоссе, д. 65А ТРЦ М5 Молл;Рязань;9:00-24:00;+7 (4912) 42-72-94 доб. 107;
Оренбург, Россия;г. Оренбург, ул. Новая, 4 ТРК Гулливер;Гулливер-2;9:00-23:00;+7 (495) 662-88-88 доб. 36-638;
Кострома, Россия;г. Кострома, ул. Поселковая, 37 ТЦ Стометровка;Кострома;9.00-21.30;+7 (4942) 49-61-89;
Сызрань, Самарская область, Россия;г. Сызрань, ул. Интернациональная, 151А	ТЦ Автобус;Сызрань;9:00-23:00;+7 (846) 379-20-80 доб. 46-623;
Смоленск, Россия;г. Смоленск, ул. Новомосковская, 2/8 ТРЦ Галактика;г. Смоленск, ул. Новомосковская, 2/8;9:00-22:00;+7 (4812) 26-80-11 доб. 211;
рабочий посёлок Новоивановское, Одинцовский район, Московская область, Россия;МО, Одинцовский р-он, пос. Новоивановское, ул. Западная, стр. 4;Одинцово;Круглосуточно;+7 (495) 589-25-56 доб. 108;
Мытищи, Московская область, Россия;МО, г. Мытищи, Шараповский пр. 2 ТРЦ Красный кит;;9.00–23.00;+7 (495) 258-71-30 доб. 108;
Пермь, Россия;г. Пермь, Шоссе Космонавтов , д.59;;9:00–24:00;+7 (342) 206-14-99;
Невинномысск, Ставропольский край, Россия;Ставропольский край, г. Невинномысск, ул. Баумана, 21Б;Невинномысск;8:00-22:00;+7 (8652) 33-08-89 доб. 74-540;
Нижневартовск, Ханты-Мансийский автономный округ, Россия;г. Нижневартовск, ул. Чапаева, 27;Нижневартовск;9:00-23:00;+7 (495) 662-88-88 доб. 57-712;
Москва, Россия;г. Москва, ул. Бартеневская, д.8;Бартеневская;Круглосуточно;+7 (495) 775-05-68 доб. 66-132;
городской округ Красногорск, Московская область, Россия;г. Москва, Новорижское ш. 26-й км.;Новорижское ш.;08:00–24:00;+7 (495) 662-88-88 доб. 68-452;
Тюмень, Россия;г. Тюмень, ул. Московский Тракт, 118 ТЦ Колумб;;09:00–23:00;+7 (3452) 39-79-74 доб. 57-825;
Великий Новгород, Новгородская область, Россия;г. Великий Новгород, ул. Ломоносова, д.29 ТРЦ Мармелад;;08:00–23:00;+7 (816) 268-04-80 доб. 108;
Нижневартовск, Ханты-Мансийский автономный округ, Россия;"г. Нижневартовск, ул. Кузоваткина, 17
ТЦ Европа-Сити";Кузоваткина;9:00-23:00;+7 (495) 662-88-88 доб. 57-870;
Западный административный округ, Москва, Россия;г. Москва, ул. Озерная, 50, стр.1;Озерная;08:00-23:00;+7 (495) 145-75-75 доб. 66-289;
село Федино, Воскресенский район, Московская область, Россия;"МО, г. Воскресенск, п. Федино, Ул. Фединская стр.1
ТЦ Воскресенский";Воскресенск;08:00-23:00;+7 (495) 790-78-26 доб. 108;
Миасс, Челябинская область, Россия;Миасс, пр-т Октября, 69А;Миасс;09:00-22:00;+7 (3513) 25-00-39 доб. 108;
Волжский, Волгоградская область, Россия;ул. Александрова, 18А ТРК Волга Молл;Волжский;09:00-23:00;+7 (8443) 21-60-42 доб. 466;
Оренбург, Россия;г. Оренбург, ул. Туркестанская, 149/2;Оренбург;09:00-23:00;+7 (495) 662-88-88 доб. 46-409;
Московский, Москва, Россия;г. Московский, ул. Хабарова, 2 ТРК Новомосковский;Новомосковский;09:00-23:00;+7 (495) 662-88-88 доб. 65918;
Выборг, Ленинградская область, Россия;г. Выборг, ул. Госпитальная, 1;Выборг;Круглосуточно;;
Жуковский, Московская область, Россия;г. Жуковский, ул. Гагарина, 60А ТЦ Самолет;Жуковский;09:00-23:00;;
Рыбинск, Ярославская область, Россия;Ярославская область, г. Рыбинск, ул. Бабушкина, д. 29 ТЦ Виконда;;9:00-23:00;+7 (4855) 23-91-54 доб. 180;
Новомосковск, муниципальное образование Город Новомосковск, Тульская область, Россия;Новомосковск, ул. Калинина, 22/47;Новомосковск;9:00-24:00;"+7 (4876) 22-18-97 доб. 108; 199";
Чехов, городской округ Чехов, Московская область, Россия;М.О, г. Чехов, Симферопольское ш. д.1;Чехов,;Круглосуточно;+7 (495) 139-12-95;
Москва, Россия;Варшавское ш. 21-й км, 32-й км МКАД ТЦ Лужайка;Москва;8:00-22:00,;+7 (499) 213-30-47 доб. 108;
поселение Мосрентген, Москва, Россия;МО, п. Мосрентген, р-он Мамыри, уч. 88Ю;;8:00-23:00;+7 (495) 651-89-74;
Дмитров, Московская область, Россия;г. Дмитров, ул. Бирлово Поле, 2;Бирлово Поле,;Круглосуточно;"+7 (495) 642-68-33 доб. 199; 208";
Подольск, Московская область, Россия;г. Подольск, Симферопольское ш. 20А, стр.1;Подольск;Круглосуточно;+7 (495) 662-88-88 доб. 66-560;
Бронницы, Московская область, Россия;М.О., г. Бронницы, Каширский переулок, д. 66;Бронницы;Круглосуточно;+7 (495) 644-11-35 доб. 300;
Домодедово, Московская область, Россия;М.О., г. Домодедово, ул. Краснодарская, д. 2;Краснодарский;круглосуточно;+7 (495) 642-67-80;
Москва, Россия;ул. Декабристов, д. 12 ТЦ Золотой Вавилон;Отрадное;8:00-24:00;+7 (499) 904-60-01 доб. 108;
Мытищи, Московская область, Россия;М.О., г. Мытищи, ул. Коммунистическая, д. 1 ТЦ XL;Фуражная;9:00-23:00;+7 (495) 543-91-51 доб. 178;
Химки, Московская область, Россия;М.О., г. Химки, Ленинградское шоссе, владение 5;Химки;Круглосуточно;+7 (495) 642-99-85;
Москва, Россия;г. Москва, пр-т Андропова, 8А ТЦ Мегаполис;Андропова;Круглосуточно;+7 (499) 933-20-13;
Москва, Россия;"Ленинградское ш., 16А, стр.4
ТРЦ Метрополис (магазин ПЕРЕКРЕСТОК ГИПЕР)";«Перекресток ГИПЕР», Войковская;10:00-03:00;+7 (495) 139-12-91 доб. 104;
Москва, Россия;Северное Бутово, ул. Поляны, д. 8 ТЦ Вива;Вива;8:00-23:00;+7 (499) 553-81-13 доб. 210;
Москва, Россия;Новоясеневский пр-т, д. 1 ТЦ Спектр;Теплый Стан;9:00-23:00;+7 (499) 284-60-39;
Санкт-Петербург, Россия;Ленинский пр-т, 100, стр.1 ТЦ Фиолент;Жукова (Ленинский);круглосуточно;+7 (812) 448-93-75 (доб. 349);
Санкт-Петербург, Россия;пр-т Маршала Блюхера, д. 41;Маршала Блюхера;Круглосуточно;+7 (812) 448 42 56 доб. 14331;
Санкт-Петербург, Россия;пр. Просвещения, д. 74, к. 2;Проспект Просвещения;круглосуточно;+7 (812) 336-86-50;
Санкт-Петербург, Россия;пр-т Просвещения, 60, корп.1, лит.А;Руднева;Круглосуточно;+7 (812) 407-70-91 доб. 358;
Санкт-Петербург, Россия;ул. Бухарестская, д. 89;Бухарестский;круглосуточно;+7 (812) 448-40-10;
Санкт-Петербург, Россия;г. Санкт-Петербург, ул. Карбышева, 9, лит.А;Карбышева;Круглосуточно;+7 (812) 336-85-10 доб. 18-662;
Санкт-Петербург, Россия;ул. Коллонтай, 3А ТЦ Лондон Молл;Коллонтай;Круглосуточно;+7 (812) 448-42-57;
Санкт-Петербург, Россия;ул. Кузнецовская, д. 31;Кузнецовский;круглосуточно;+7 (812) 448-67-35;
Санкт-Петербург, Россия;ул. Партизана Германа, д. 47;Партизана Германа;круглосуточно;+7 (812) 448-40-60;
Санкт-Петербург, Россия;ул. Савушкина, д. 116;Савушкин;круглосуточно;+7 (812) 448-63-10;
Санкт-Петербург, Россия;пр-т Большевиков, д. 32, к. 1, лит. А;Большевиков;круглосуточно;+7 (812) 449-81-20;
Санкт-Петербург, Россия;Коломяжский пр-т, 17А ТЦ Сити Молл;Коломяжский;Круглосуточно;+7 (812) 448-44-32;
Санкт-Петербург, Россия;ул. Руставели, 43А;Руставели;Круглосуточно;+7 (812) 363-27-00 доб. 300;
Ленинградская область, Россия;Л.О., г. Сосновый Бор, ул. Красных Фортов, д. 26;Красных Фортов;Круглосуточно;+7 (813) 692-87-06;
Санкт-Петербург, Россия;Индустриальный пр-т, д. 24 ТЦ Июнь;Июнь;10:00-22:00;+7 (812) 448-78-90;
микрорайон Соцгород-I, Нижний Новгород, Россия;г. Нижний Новгород, ул. Плотникова, 3А;Плотникова;8:00-22:00;+7 (831) 281-02-94;
Нижний Новгород, Россия;Московское ш., д. 122;Красный якорь;8:00-22:00;+7 (831) 220-13-20;
Нижний Новгород, Россия;Московское ш., д. 296 А;Канавинский;8:00-22:00;"+7 (831) 296-95-34 доб. 106; 199";
Нижний Новгород, Россия;Комсомольская пл., д. 2;Комсомольская площадь;8:00-22:00;+7 (831) 281-02-94 доб. 235;
Чебоксары, Чувашская Республика, Россия;ул. Карла Маркса, д. 52/1;Чебоксары;8:00-22:00;+7 (8352) 24-03-03;
Чебоксары, Чувашская Республика, Россия;пр-т И. Я. Яковлева, д. 4б;Чебоксары;8:00-22:00;+7 (8352) 36-80-01;
Дзержинск, Нижегородская область, Россия;Н.О., г. Дзержинск, пр-т Циолковского, д. 61;Дзержинск;8:00-22:00;+7 (8313) 33-80-02 доб. 199;
Киров, Россия;г. Киров, ул. Горького, 5А ТЦ Джем молл;Герцена;9:00-22:00;+7 (8332) 29-53-00 доб. 209;
Казань, Республика Татарстан, Россия;ул. Ямашева, д. 93 ТЦ Савиново;Савиново;9:00-24:00;+7 (843) 204-21-31 доб. 50-049;
Казань, Республика Татарстан, Россия;ул. Ибрагимова, д. 56 ТРК Тандем;Тандем;9:00-24:00;+7 (843) 204-58-86 доб. 50-148;
Казань, Республика Татарстан, Россия;ул. Юлиуса Фучика, д. 90 ТРЦ Франт;Фучика;9:00-24:00;+7 (843) 204-58-85 доб. 225;
Набережные Челны, Республика Татарстан, Россия;пр-т Сююмбике, д. 2/19 ТЦ Омега;Омега;9:00-23:00;+7 (8552) 53-43-02 доб. 148;
Уфа, Республика Башкортостан, Россия;пр-т Октября, д. 34;Семья;9:00-24:00;+7 (347) 293-62-35 доб. 199;
Саратов, Россия;г. Саратов,	Ново-Астраханское ш., 80 ТРЦ Сити Молл;Новоастрахановское;9:00-24:00;+7(495) 662-88-88	доб. 48-974;
Самара, Россия;Московское ш., д. 81А ТЦ Парк Хаус;Парк Хаус;9:00-24:00;+7 (846) 379-20-80 доб. 46-167;
Самара, Россия;ул. Ново-Садовая, д. 160М ТЦ Мега Сити;Мега Сити;9:00-24:00;+7 (846) 379-20-80 доб. 46-237;
Тамбов, Россия;г. Тамбов ул. Мичуринская, 211 ∕ ул. Чичерина, 27	ТЦ Браво-Сити;Тамбов, ул. Чичерина/Мичуринская;8:00-23:00;"+7 (4752) 58-20-38 доб. 208; 207";
Самара, Россия;пр-т Кирова, д. 147 ТЦ Вива Ленд;Рубин;9:00-24:00;+7 (846) 379-20-80 доб. 46-127;
Самара, Россия;Московское ш., д. 185А ТЦ Самолет;Самолет (Ипподром);9:00-24:00;+7 (846) 379-20-80 доб. 36-708;
Тверь, Россия;г. Тверь, ул. Коминтерна, 20, стр.1;Тверь;Круглосуточно;+7 (4822) 79-08-01 доб. 103;
Тюмень, Россия;г. Тюмень, ул. Максима Горького, 70 ТРЦ Гудвин;ТРЦ Гудвин;9:00-24:00;+7 (3452) 79-06-07 доб. 142;
микрорайон Пионерский, Кировский район, Екатеринбург, Свердловская область, Россия;ул. Сулимова, д. 50 TРК Парк Хаус;Сулимова;9:00-23:00;+7 (343) 298-22-18 доб. 206;
Екатеринбург, Свердловская область, Россия;ул. Малышева, д. 5 ТЦ Алатырь;7 Небо;9:00-24:00;+7 (343) 253-78-85 доб. 205;
Екатеринбург, Свердловская область, Россия;Дублер Сибирского тракта, д. 2 ТРЦ Комсомолл;Дублер Сибирского тракта;10:00-23:00;+7 (343) 317-05-51 доб. 225;
Воронеж, Россия;г. Воронеж, ул. Космонавтов, 27А;Космонавтов;8:00-24:00;+7 (4732) 60-51-61 доб. 245;
Липецк, Россия;ул. Катукова, д. 11;Катукова;8:00-23.00;+7 (4742) 56-16-02 доб. 32-949;
Липецк, Россия;ул. Гагарина, д. 100Б;Гагарина;8:00-24:00;+7 (4742) 25-22-52 доб. 32-427;
Воронеж, Россия;г. Воронеж, Ленинский пр-т, 174Р ТРЦ Максимир;МаксиМир;9:00-24:00;+7 (4732) 33-02-44 доб. 199;
Ярославль, Россия;Ленинградский пр-т, д. 123;Ярославль;9:00-24:00;+7 (4852) 58-14-85;
Волгоград, Россия;ул. им. Землячки, д. 110;Землячки;9:00-23:00;+7 (8442) 26-90-40 доб. 71-140;
микрорайон Семь Ветров, Волгоград, Россия;бульвар 30-ти Летия Победы, д. 21 ТЦ Парк Хаус;Волгоград-Сити;9:00-24:00;+7 (8442) 26-55-89 доб. 299;
Волгоград, Россия;пр-т Ленина, д. 54Б ТРК Европа Сити Молл;Сан-Сити;9:00-23:00;+7 (8442) 26-06-50 доб. 319;
Волжский, Волгоградская область, Россия;+7 (8443) 21-60-42;Волга-Молл;7:00 — 24:00;+7 (8443) 216-032;
Ижевск, Удмуртская Республика, Россия;г. Ижевск, ул. Автозаводская, д. 3А ТЦ Столица;Автозаводский;9:00-22:00;+7 (3412) 91-69-17;
Ижевск, Удмуртская Республика, Россия;г. Ижевск, ул. Холмогорова, д. 11 ТЦ Талисман;Талисман;9:00-22:00;+7 (3412) 32-01-32;
Старый Оскол, Белгородская область, Россия;Белгородская обл., г. Старый Оскол, мкр-н Дубрава-1, д. 23;Дубрава;8:00-24:00;+7 (4725) 23-00-38 доб. 104;
Белгород, Россия;ул. Щорса, д. 64 ТЦ Сити Молл Белгородский;Щорса;8:00-24:00;+7 (4722) 24-88-68 доб. 199;
Сочи, Краснодарский край, Россия;г. Сочи, ул. Транспортная, 28 ТРЦ Олимп;Сочи;9:00-24:00;+7 (8622) 25-52-00;
Уфа, Республика Башкортостан, Россия;г. Уфа, ул. Маршала Жукова, 12;Жукова;9.00-23.00;+7 (347) 264-07-99 доб. 199;
Московский административный округ, Рязань, Россия;Московское шоссе, д. 65А ТРЦ М5 Молл;Рязань;9:00-24:00;+7 (4912) 42-72-94 доб. 107;
Оренбург, Россия;г. Оренбург, ул. Новая, 4 ТРК Гулливер;Гулливер-2;9:00-23:00;+7 (495) 662-88-88 доб. 36-638;
Кострома, Россия;г. Кострома, ул. Поселковая, 37 ТЦ Стометровка;Кострома;9.00-21.30;+7 (4942) 49-61-89;
Сызрань, Самарская область, Россия;г. Сызрань, ул. Интернациональная, 151А	ТЦ Автобус;Сызрань;9:00-23:00;+7 (846) 379-20-80 доб. 46-623;
Смоленск, Россия;г. Смоленск, ул. Новомосковская, 2/8 ТРЦ Галактика;г. Смоленск, ул. Новомосковская, 2/8;9:00-22:00;+7 (4812) 26-80-11 доб. 211;
рабочий посёлок Новоивановское, Одинцовский район, Московская область, Россия;МО, Одинцовский р-он, пос. Новоивановское, ул. Западная, стр. 4;Одинцово;Круглосуточно;+7 (495) 589-25-56 доб. 108;
Мытищи, Московская область, Россия;МО, г. Мытищи, Шараповский пр. 2 ТРЦ Красный кит;;9.00–23.00;+7 (495) 258-71-30 доб. 108;
Пермь, Россия;г. Пермь, Шоссе Космонавтов , д.59;;9:00–24:00;+7 (342) 206-14-99;
Невинномысск, Ставропольский край, Россия;Ставропольский край, г. Невинномысск, ул. Баумана, 21Б;Невинномысск;8:00-22:00;+7 (8652) 33-08-89 доб. 74-540;
Нижневартовск, Ханты-Мансийский автономный округ, Россия;г. Нижневартовск, ул. Чапаева, 27;Нижневартовск;9:00-23:00;+7 (495) 662-88-88 доб. 57-712;
Москва, Россия;г. Москва, ул. Бартеневская, д.8;Бартеневская;Круглосуточно;+7 (495) 775-05-68 доб. 66-132;
городской округ Красногорск, Московская область, Россия;г. Москва, Новорижское ш. 26-й км.;Новорижское ш.;08:00–24:00;+7 (495) 662-88-88 доб. 68-452;
Тюмень, Россия;г. Тюмень, ул. Московский Тракт, 118 ТЦ Колумб;;09:00–23:00;+7 (3452) 39-79-74 доб. 57-825;
Великий Новгород, Новгородская область, Россия;г. Великий Новгород, ул. Ломоносова, д.29 ТРЦ Мармелад;;08:00–23:00;+7 (816) 268-04-80 доб. 108;
Нижневартовск, Ханты-Мансийский автономный округ, Россия;"г. Нижневартовск, ул. Кузоваткина, 17
ТЦ Европа-Сити";Кузоваткина;9:00-23:00;+7 (495) 662-88-88 доб. 57-870;
Западный административный округ, Москва, Россия;г. Москва, ул. Озерная, 50, стр.1;Озерная;08:00-23:00;+7 (495) 145-75-75 доб. 66-289;
село Федино, Воскресенский район, Московская область, Россия;"МО, г. Воскресенск, п. Федино, Ул. Фединская стр.1
ТЦ Воскресенский";Воскресенск;08:00-23:00;+7 (495) 790-78-26 доб. 108;
Миасс, Челябинская область, Россия;Миасс, пр-т Октября, 69А;Миасс;09:00-22:00;+7 (3513) 25-00-39 доб. 108;
Волжский, Волгоградская область, Россия;ул. Александрова, 18А ТРК Волга Молл;Волжский;09:00-23:00;+7 (8443) 21-60-42 доб. 466;
Оренбург, Россия;г. Оренбург, ул. Туркестанская, 149/2;Оренбург;09:00-23:00;+7 (495) 662-88-88 доб. 46-409;
Московский, Москва, Россия;г. Московский, ул. Хабарова, 2 ТРК Новомосковский;Новомосковский;09:00-23:00;+7 (495) 662-88-88 доб. 65918;
Выборг, Ленинградская область, Россия;г. Выборг, ул. Госпитальная, 1;Выборг;Круглосуточно;;
Жуковский, Московская область, Россия;г. Жуковский, ул. Гагарина, 60А ТЦ Самолет;Жуковский;09:00-23:00;;
