г. Москва;м. Коломенская, Андропова пр-т, д. 8, ТРЦ «Мегаполис», 3 этаж;;Ежедневно с 10:00 до 22:00.;;Детский мир;Флагман
;м. Братиславская, ул. Перерва, д. 43, корпус 1, ТРК «БУМ», 2 этаж;;Ежедневно с 10:00 до 22:00.;;Детский мир;Супермаркет
г. Москва;м. Бибирево, ул. Пришвина, д. 22, ТЦ «Александр Лэнд», 2 этаж;;"Понедельник - пятница: с 10:00 до 21:00; выходные дни: с 10:00 до 22:00.";;Детский мир;Флагман
г. Москва;м. Митино, Дубравная ул., д. 34/29, ТРЦ «Ладья», 3 этаж;;Ежедневно с 10:00 до 22:00.;;Детский мир;Супермаркет
;м. Войковская, Ленинградское шоссе, д. 16а, стр. 4, ТЦ «Метрополис», 3 этаж;;Ежедневно с 10:00 до 23:00.;;Детский мир;Флагман
;м. Академическая, Бол. Черемушкинская ул., д. 1, ТЦ «РИО на Севастопольском», 2 этаж;;Ежедневно с 10:00 до 22:00.;;Детский мир;Супермаркет
;м. Петровско-Разумовская, ул. Дубнинская, д. 30, ТЦ «Петровский», 2 этаж;;Ежедневно с 10:00 до 22:00.;;Детский мир;Флагман
;м. Домодедовская, Ореховый б-р, д. 14, к. 3, ТРЦ «Домодедовский», 3 этаж;;Ежедневно с 10:00 до 22:00.;;Детский мир;Супермаркет
;м. Арбатская, ул. Новый Арбат, д. 11, ТЦ «Новоарбатский — 12 месяцев», 1 этаж;;Ежедневно с 10:00 до 22:00.;;Детский мир;Супермаркет
;м. Профсоюзная, ул. Вавилова, д. 66, ТЦ «Триумфальный», 4 этаж;;Ежедневно с 10:00 до 21:00.;;Детский мир;Супермаркет
г. Москва;м. Красногвардейская, Кустанайская ул., д. 6, ТЦ «Столица», -1 этаж;;Ежедневно с 9:00 до 21:00.;;Детский мир;Супермаркет
;м. Проспект Вернадского, пр-т Вернадского, д. 37, к.3;;"Понедельник-четверг, воскресенье: 09:00 - 22:00; пятница и суббота: 09:00 - 23:00.";;Детский мир;Гипермаркет
;м. Краснопресненская, ул. Красная Пресня, д. 24, ТОЦ «На Красной Пресне».;;Ежедневно с 9:00 до 22:00.;;Детский мир;Гипермаркет
;м. Партизанская, Измайловское ш., д. 71А, ТК «АST», 3 этаж;;Ежедневно с 10:00 до 22:00.;;Детский мир;Флагман
г. Москва;м. Ленинский проспект, ул. Вавилова, д. 3, ТРЦ «Гагаринский», 3 этаж;;Ежедневно с 9:00 до 22:00.;;Детский мир;Супермаркет
;м. Кунцевская, Можайское ш., д. 31, корп. 1, ТЦ «Молодежный», цокольный этаж;;Ежедневно с 9:00 до 21:00.;;Детский мир;Флагман
;м. Беляево, ул. Миклухо-Маклая, д. 37, ТЦ «Меркадо», 2 этаж;;Ежедневно с 10:00 до 22:00.;;Детский мир;Супермаркет
;м. Щелковская, Щелковское шоссе, д. 100/100, ТЦ «Щелково», 2 этаж;;Ежедневно с 11:00 до 21:00.;;Детский мир;Супермаркет
;м. Семеновская, Семеновская пл., д. 1, ТЦ «Семеновский», -1 этаж;;Ежедневно с 10:00 до 22:00.;;Детский мир;Супермаркет
г. Москва;м. Щукинская, ул. Щукинская, д. 42, ТЦ «Щука», 4 и 5 этаж;;Ежедневно с 10:00 до 22:00.;;Детский мир;Гипермаркет
;м. Южная, ул. Днепропетровская, д. 2, ТРК «Глобал-Сити», 1 этаж;;Ежедневно с 10:00 до 22:00.;;Детский мир;Супермаркет
;м. Тимирязевская, Дмитровское ш., д. 13А, ТЦ «МетроМаркет», 2 этаж;;Ежедневно с 10:00 до 22:00.;;Детский мир;Флагман
г. Москва;м. Строгино, Строгинский б-р, д. 1, к. 2, ТЦ «Лукоморье», 2 этаж;;Ежедневно с 10:00 до 22:00.;;Детский мир;Супермаркет
;м. Щелковская, ул. Хабаровская, д. 15, ТЦ «Манго», 2 этаж.;;Ежедневно с 10:00 до 22:00.;;Детский мир;Супермаркет
Московская обл., г. Химки;Микрорайон 8, стр. 1, ТРЦ «МЕГА-Химки», 2 этаж;;Ежедневно с 10:00 до 23:00, в пятницу и субботу с 10:00 до 24:00.;;Детский мир;Гипермаркет
;Московская обл., п. Сосенское, Калужское ш., 21 км (41 км МКАД), ТК «МЕГА Теплый Стан», 1 и 2 этаж;;Ежедневно с 10:00 до 24:00.;;Детский мир;Гипермаркет
г. Москва;Зеленоград, Панфиловский пр-т, д. 1106, ТЦ «Сапожок», 1 этаж;;Ежедневно с 9:00 до 22:00.;;Детский мир;Супермаркет
;м. Алтуфьево, Дмитровское шоссе, д. 163А, ТРЦ «РИО», 2 этаж;;Ежедневно с 10:00 до 22:00.;;Детский мир;Флагман
Московская обл., г. Люберцы;Октябрьский пр-т, д. 146, 2 этаж;;Ежедневно с 10:00 до 21:00.;;Детский мир;Супермаркет
;м. Фили, Багратионовский пр-д., вл. 5, ТРЦ «Филион», цокольный этаж;;Ежедневно с 10:00 до 23:00.;;Детский мир;Флагман
;Боровское ш., д. 35, ТЦ «Петровский», 2 этаж;;Ежедневно с 10:00 до 22:00.;;Детский мир;Гипермаркет
;м. Юго-Западная, Солнцевский пр-т., д. 21, ТЦ «Столица», 3 этаж;;Ежедневно с 10:00 до 22:00.;;Детский мир;Супермаркет
Московская обл., г. Королев;пр-т Космонавтов, д. 12А, ТЦ «№1», 2 этаж;;Ежедневно с 9:00 до 21:00.;;Детский мир;Супермаркет
Московская обл., г. Мытищи;Олимпийский пр-т, д. 21, ТЦ «Олимп», 2 этаж;;Ежедневно с 10:00 до 22:00.;;Детский мир;Супермаркет
Московская обл., г. Котельники;1-ый Покровский пр-д, д. 5, ТК «МЕГА Белая Дача», 3 этаж;;Воскресенье-четверг: 10:00-23:00. Пятница, суббота: 10:00-24:00.;;Детский мир;Гипермаркет
Московская обл., г. Подольск;Б. Серпуховская ул., д. 5А, ТЦ «Центральный», 2 этаж;;Ежедневно с 9:00 до 21:00.;;Детский мир;Гипермаркет
Московская обл., г. Электросталь;пр-т Ленина, д. 0/10, ТРЦ «Эльград», 2 этаж;;Ежедневно с 10:00 до 22:00.;;Детский мир;Супермаркет
Московская обл., г. Орехово;-Зуево, ул. Ленина, д. 78, стр. 1, ТРЦ «Орех», 4 этаж;;Ежедневно с 10:00 до 22:00.;;Детский мир;Супермаркет
г. Санкт;-Петербург, м. Автово, Стачек пр-т., д. 99, лит. А, ТРК «Континент», 2 этаж;;Ежедневно с 10:00 до 22:00.;;Детский мир;Супермаркет
г. Санкт;-Петербург, м. Василеостровская, Средний пр-т В.О., д. 36/40, КК «Остров», 2 этаж;;Ежедневно с 10:00 до 22:00.;;Детский мир;Супермаркет
г. Санкт;-Петербург, м. Сенная площадь, Ефимова ул., д. 2, ТРК «Пик», 3 этаж;;Ежедневно с 10:00 до 22:00.;;Детский мир;Супермаркет
;м. Пр.Просвещения, Ленинградская обл., Всеволожский р-н, пересечение КАД и а/д С.-Петербург - Скотное, СТЦ «МЕГА Парнас», 1 этаж;;Ежедневно с 10:00 до 22:00.;;Детский мир;Супермаркет
г. Барнаул;Павловский тракт, д. 251В, ТРЦ «Европа», 2 этаж;;Ежедневно с 10:00 до 22:00.;;Детский мир;Флагман
г. Санкт;-Петербург, м. Ленинский проспект, Новаторов б-р, д. 11, к. 2, ККК «Французский бульвар», 2 этаж;;Ежедневно с 10:00 до 22:00.;;Детский мир;Флагман
г. Белгород;Народный б-р, д. 82, ТД «ДМ-Белгород», 1,2, 3 этаж;;Ежедневно с 9:00 до 21:00.;;Детский мир;Флагман
г. Волгодонск;ул. Весенняя, д. 56, ТЦ «Волгодонск», 2 этаж;;Ежедневно с 10:00 до 21:00.;;Детский мир;Супермаркет
г. Брянск;ул. 3-го Интернационала, д. 8, ТРЦ «БУМ-Сити», 4 этаж;;Ежедневно с 10:00 до 22:00.;;Детский мир;Супермаркет
г. Воронеж;Московский пр-т, д. 129/1, ТРЦ «Московский», 3 этаж;;Ежедневно с 10:00 до 22:00.;;Детский мир;Супермаркет
Нижегородская обл., г. Дзержинск;пр-т Ленина, д. 66, ТЦ «Дзержинец», 3 этаж;;Ежедневно с 9:00 до 21:00.;;Детский мир;Супермаркет
Волгоградская обл., г. Волжский;ул. Александрова, д. 18А, ТРЦ «Волга Молл», 1 этаж;;Ежедневно с 10:00 до 22:00.;;Детский мир;Супермаркет
г. Волгоград;пр-т Ленина, д. 54Б, ТРК «Европа Сити Молл», 2 этаж;;Ежедневно с 10:00 до 22:00.;;Детский мир;Флагман
г. Санкт;-Петербург, м. Улица Дыбенко, Большевиков пр-т, д. 18, к. 2, лит. А, ТК «Невский-2», 3 этаж;;Ежедневно с 10:00 до 22:00.;;Детский мир;Флагман
г. Владимир;Б. Московская ул, д. 19А, ТРК «Северная линия торговых рядов», -1 этаж;;Ежедневно с 10:00 до 22:00.;;Детский мир;Супермаркет
г. Воронеж;ул. Куколкина, д. 18,ТЦ «Галерея Чижова»;;Ежедневно с 10:00 до 22:00.;;Детский мир;Флагман
г. Екатеринбург;ул. 8 Марта, д. 46, ТЦ «Гринвич», 3 этаж;;Ежедневно с 10:00 до 22:00.;;Детский мир;Флагман
г. Йошкар;-Ола, ул. Советская, д. 132, исторический «Детский Мир», 4 этаж;;Ежедневно с 10:00 до 21:00.;;Детский мир;Супермаркет
г. Санкт;-Петербург, м. Ладожская, Индустриальный пр-т, д. 24, ТК «Июнь», 3 этаж;;Ежедневно с 10:00 до 22:00.;;Детский мир;Флагман
г. Иваново;ул. 8 марта, д. 32, ТД «Серебряный город», 2 этаж;;Ежедневно с 10:00 до 22:00.;;Детский мир;Супермаркет
г. Казань;пр-т Ибрагимова, д. 56, ТРК «Тандем», 3 этаж;;Ежедневно с 10:00 до 22:00.;;Детский мир;Флагман
г. Казань;пр-т Победы, д. 141, СТЦ «Мега», 1 этаж;;Ежедневно с 10:00 до 22:00.;;Детский мир;Супермаркет
г. Калининград;ул. Горького, д. 2, ТК «Эпицентр», 3 этаж;;Ежедневно с 10:00 до 21:00.;;Детский мир;Флагман
г. Екатеринбург;ул. Халтурина, д. 55, ТРЦ «Карнавал», 2 этаж;;Ежедневно с 10:00 до 22:00.;;Детский мир;Флагман
г. Ижевск;ул. Петрова, д. 29, ТРЦ «Петровский», 0 этаж;;Ежедневно с 10:00 до 22:00.;;Детский мир;Гипермаркет
г. Калуга;ул. Кирова, д. 1, ТРК «XXI век», 3 этаж;;Ежедневно с 10:00 до 21:00.;;Детский мир;Супермаркет
г. Кемерово;Октябрьский пр-т, д. 34, ТРЦ «Лапландия», 1 этаж;;Ежедневно с 10:00 до 21:00.;;Детский мир;Гипермаркет
г. Кострома;Красносельское шоссе, д.1, ТЦ «Коллаж», 1 этаж;;Ежедневно с 10:00 до 22:00.;;Детский мир;Супермаркет
г. Краснодар;ул. Дзержинского, д. 100, ТЦ «Красная Площадь», 3 этаж;;Ежедневно с 10:00 до 22:00.;;Детский мир;Флагман
г. Курган;ул. Коли Мяготина, д. 8, ТРЦ «Гиперсити», 1 этаж;;Ежедневно с 10:00 до 22:00.;;Детский мир;Супермаркет
;Республика Адыгея, аул Новая Адыгея, Тургеневское шоссе, 27, ТЦ «МЕГА», 1 этаж.;;Ежедневно с 10:00 до 22:00.;;Детский мир;Супермаркет
г. Курск;ул. Карла Маркса, д. 59, ТЦ «Европа-10», 4 этаж;;Ежедневно с 9:00 до 21:00.;;Детский мир;Супермаркет
г. Липецк;ул. Космонавтов, д. 98, ТЦ «Ноябрьский», 2 этаж;;Ежедневно с 9:00 до 21:00.;;Детский мир;Гипермаркет
г. Красноярск;ул. 9 мая, д. 77, ТРЦ «Планета», 1 этаж;;Ежедневно с 10:00 до 22:00.;;Детский мир;Супермаркет
г. Нальчик;пр-т Кулиева, д. 2, ТЦ «Универмаг Нальчик», 3 этаж;;Ежедневно с 10:00 до 22:00.;;Детский мир;Флагман
ХМАО, г. Нижневартовск;ул. Интернациональная, д. 73, ТЦ «Подсолнух», 2 этаж;;Ежедневно с 10:00 до 21:00.;;Детский мир;Супермаркет
Республика Татарстан, г. Нижнекамск;пр-т Химиков, д. 18, ТРЦ «Сити Молл», 3 этаж;;Ежедневно с 10:00 до 21:00.;;Детский мир;Супермаркет
г. Нижний;Новгород, ул. Родионова, д. 187, ТЦ «Фантастика», 3 этаж;;Ежедневно с 10:00 до 22:00.;;Детский мир;Супермаркет
;Ленинградская обл., м. Ул. Дыбенко, Мурманское шоссе, 12 км, пос. Кудрово, СТЦ «МЕГА Дыбенко», 1 этаж;;Воскресенье-Четверг: с 10:00 до 22:00. Пятница-Суббота: с 10:00 до 23:00.;;Детский мир;Флагман
г. Нижний;Новгород, д. Федяково, ТЦ «МЕГА», 2 этаж;;Пн-Чт,Вс - 10:00-22:00, Пт,Сб - 10:00-23:00.;;Детский мир;Супермаркет
г. Новокузнецк;ул. Павловского, д. 13, ТЦ «Комета», 1 этаж;;Ежедневно с 10:00 до 22:00.;;Детский мир;Флагман
г. Нижний;Новгород, Площадь Революции, д. 9, ТЦ «Республика», 5 этаж;;Ежедневно с 9:00 до 21:00.;;Детский мир;Флагман
г. Петрозаводск;ул. Красноармейская, д. 25, ТЦ «Кей», 3 этаж;;Ежедневно с 10:00 до 21:00.;;Детский мир;Супермаркет
г. Омск;б-р Архитекторов, д. 35, ТРЦ «МЕГА», 1 этаж;;Ежедневно с 10:00 до 22:00;;Детский мир;Флагман
г. Оренбург;Шарлыкское шоссе, 1, ТРК «Армада», 1 этаж;;Ежедневно с 10:00 до 22:00;;Детский мир;Гипермаркет
г. Новосибирск;ул. Немировича-Данченко, д. 142, ТРЦ «Горский», 4 этаж;;Ежедневно с 10:00 до 21:00.;;Детский мир;Гипермаркет
Челябинская обл., г. Магнитогорск;пр-т Карла Маркса, д. 153, ТК «Гостиный Двор», 1 этаж;;Ежедневно с 10:00 до 21:00.;;Детский мир;Флагман
г. Пермь;ул. Крисанова, д. 12А, ТЦ «Пирамида», 2 этаж;;Ежедневно с 10:00 до 22:00.;;Детский мир;Гипермаркет
г. Пенза;ул. Суворова, д. 144А, ТЦ «Суворовский», 3 этаж;;Ежедневно с 10:00 до 21:00.;;Детский мир;Супермаркет
г. Пенза;пр-т Строителей, д. 49а, ТРЦ «Проспект», 2 этаж;;Ежедневно с 9:00 до 21:00.;;Детский мир;Гипермаркет
г. Новосибирск;ул. Ватутина, д. 107, ТЦ «МЕГА», 1 этаж;;Ежедневно с 10:00 до 22:00.;;Детский мир;Супермаркет
Свердловская обл., г. Нижний;Тагил, ул. Карла Маркса, д. 1;;Ежедневно с 10:00 до 21:00.;;Детский мир;Супермаркет
г. Ростов;-на-Дону, пр-т Нагибина, д. 32/2, ТЦ «Горизонт», 5 этаж;;Ежедневно с 10:00 до 22:00.;;Детский мир;Флагман
г. Омск;пр-т Карла Маркса, д. 43, ТЦ «Детский мир на Карла Маркса», 2 этаж;;Ежедневно с 10:00 до 22:00.;;Детский мир;Супермаркет
г. Псков;ул. Советская, д. 13, ТК «ЦУМ», цокольный этаж;;Ежедневно с 10:00 до 21:00.;;Детский мир;Гипермаркет
г. Пермь;ул. Революции, д. 13, ТРЦ «Семья», 4 этаж;;Ежедневно с 10:00 до 22:00.;;Детский мир;Гипермаркет
г. Рязань;ул. Соборная, д. 15а, ТЦ «Малина», 3 этаж;;Ежедневно с 10:00 до 22:00.;;Детский мир;Супермаркет
г. Тольятти;ул. Баныкина, д. 74, ТЦ «Аэрохолл», 3 этаж;;Ежедневно с 10:00 до 21:00.;;Детский мир;Супермаркет
г. Ставрополь;ул. Доваторцев, д. 75А, ТЦ «Космос», 3 этаж;;Ежедневно с 10:00 до 22:00.;;Детский мир;Флагман
г. Самара;ул. Ново-Садовая, д. 160-М, ТРЦ «Мега Сити», 2 этаж;;Ежедневно с 10:00 до 22:00.;;Детский мир;Супермаркет
г. Самара;ул. Дыбенко, д. 30, ТРК «Космопорт», 2 этаж;;Ежедневно с 10:00 до 23:00.;;Детский мир;Гипермаркет
Ростовская обл., г. Аксай;пр. Аксайский, 23, ТРЦ «МЕГА», 1 этаж;;Ежедневно с 10:00 до 22:00.;;Детский мир;Супермаркет
г. Смоленск;ул. Новоленинградская, д. 11, ТЦ «Александр», 2 и 3 этаж;;Ежедневно с 9:00 до 21:00.;;Детский мир;Флагман
г. Ростов;-на-Дону, пр-т Космонавтов, д. 10, ТЦ «Дом мебели», 2 этаж;;Ежедневно с 10:00 до 21:00.;;Детский мир;Флагман
г. Тамбов;ул. Карла Маркса, д. 165-Б, ТЦ «Детский мир»;;Ежедневно с 9:00 до 22:00.;;Детский мир;Гипермаркет
Республика Башкортостан, г. Стерлитамак;ул. Худайбердина, д. 120, ТЦ «Фабри», 4 этаж;;Ежедневно с 10:00 до 22:00.;;Детский мир;Супермаркет
г. Тольятти;ул. Революционная, д. 52А, ТЦ «Русь на Волге», 3 этаж;;Ежедневно с 10:00 до 21:00.;;Детский мир;Флагман
г. Тула;ул. Путейская, д. 5, ТЦ «Сарафан», 2 этаж;;Ежедневно с 10:00 до 21:00.;;Детский мир;Супермаркет
г. Саратов;ул. Танкистов, д. 1, ТК «Форум», 1 этаж;;Ежедневно с 10:00 до 21:00.;;Детский мир;Супермаркет
г. Томск;пр-т Ленина, д. 121, ТЦ «ЦУМ», -1 этаж;;Ежедневно с 10:00 до 21:00.;;Детский мир;Супермаркет
г. Ульяновск;ул. Радищева, д. 39, ТЦ «Энтерра», 2 этаж;;Ежедневно с 10:00 до 21:00.;;Детский мир;Гипермаркет
г. Уфа;ул. Маршала Жукова, д. 29, ТРК «Простор», 2 этаж;;Ежедневно с 10:00 до 21:00.;;Детский мир;Супермаркет
г. Тюмень;ул. Максима Горького, д. 70, ТЦ «Гудвин», 2 этаж;;Ежедневно с 10:00 до 22:00.;;Детский мир;Супермаркет
г. Уфа;пр-т Октября, д. 34, ТЦ «Семья», -1 этаж;;Ежедневно с 10:00 до 22:00.;;Детский мир;Супермаркет
г. Ханты;-Мансийск, ул. Энгельса, д. 1, ТДЦ «Гостиный двор», 3 этаж;;Ежедневно с 10:00 до 21:00.;;Детский мир;Супермаркет
г. Уфа;ул. Ленина, д. 65/4, ЦММ «Экватор», 3 этаж;;Ежедневно с 10:00 до 21:00.;;Детский мир;Флагман
г. Ярославль;ул. Победы, д. 6, Дом Моды «Волга», 3 этаж;;Ежедневно с 9:00 до 20:00.;;Детский мир;Супермаркет
г. Челябинск;ул. Салютная, д. 27, ТК «Башня», 2 этаж;;Ежедневно с 10:00 до 21:00.;;Детский мир;Супермаркет
г. Новосибирск;ул. Военная, д. 5, ТРЦ «Аура», 3 этаж;;Ежедневно с 10:00 до 22:00.;;Детский мир;Флагман
г. Казань;ул. Петербургская, 9, ТЦ «Республика», 3 этаж;;Ежедневно с 10:00 до 22:00.;;Детский мир;Флагман
г. Киров;ул. Горького, д. 5А, ТРЦ «JAM МОЛЛ», 3 этаж;;Ежедневно с 10:00 до 22:00.;;Детский мир;Супермаркет
Вологодская обл., г. Череповец;Ленинградская ул., д. 1, ТЦ «Северо-западный», 3 этаж;;"Понедельник-суббота с 10:00 до 21:00; воскресенье с 10:00 до 20:00";;Детский мир;Супермаркет
г. Старый;Оскол, мкр. Дубрава, квартал 1, д.23, ТЦ «Карусель», 3 этаж;;Ежедневно с 10:00 до 21:00.;;Детский мир;Супермаркет
г. Челябинск;ул. Труда, 203, ТРК «Родник», 3 этаж;;Ежедневно с 10:00 до 22:00.;;Детский мир;Супермаркет
г. Челябинск;ул. Кирова, д. 27, КТК «Набережный», 1 этаж;;Ежедневно с 10:00 до 22:00.;;Детский мир;Флагман
;м. Чертановская, мкр. Северное Чертаново, д. 1А, ТРЦ «Авентура», 3 этаж;;Ежедневно с 10:00 до 22:00.;;Детский мир;Супермаркет
г. Тверь;пр-т Калинина, д.13А, ТРЦ «Рубин», 1 этаж;;Ежедневно с 10:00 до 22:00;;Детский мир;Супермаркет
г. Сыктывкар;Октябрьский проспект, 141, ТРЦ «МАКСИ», 2 этаж;;Ежедневно с 10:00 до 21:00.;;Детский мир;Супермаркет
г. Ульяновск;пр-т Ульяновский, 1, ТЦ «Самолет», цокольный этаж;;Ежедневно с 10:00 до 21:00.;;Детский мир;Супермаркет
г. Омск;ул. Интернациональная, д. 43, ТЦ «Омский», 1 этаж;;Ежедневно с 10:00 до 21:00.;;Детский мир;Супермаркет
г. Чебоксары;пр-т И. Яковлева, д 4Б, ТЦ «МТВ Центр», 2 этаж;;Ежедневно с 10:00 до 21:00.;;Детский мир;Супермаркет
г. Саратов;Вольский тракт, д. 2, ТЦ «Happy Молл», 1 этаж;;Ежедневно с 10:00 до 22:00.;;Детский мир;Супермаркет
Республика Казахстан, г. Астана;ул. Шокана Валиханова, 24, ТК «Тулпар», 2 этаж;;Ежедневно с 10:00 до 21:00.;;Детский мир;Флагман
г. Астрахань;Вокзальная пл., д. 13а, ТЦ «Ярмарка», 3 этаж;;Ежедневно с 10:00 до 22:00.;;Детский мир;Супермаркет
г. Калуга;ул. Московская, д. 338 А, ТЦ «Торговый квартал», 1 этаж;;Ежедневно с 10:00 до 22:00.;;Детский мир;Супермаркет
г. Самара;пр-т Кирова, д.147, ТРК «Вива Лэнд», 3 этаж;;Ежедневно с 10:00 до 22:00;;Детский мир;Супермаркет
г. Екатеринбург;ул. Сулимова, д. 50, Молл «Парк Хаус», 3 этаж;;Ежедневно с 10:00 до 22:00.;;Детский мир;Супермаркет
г. Москва;м. Выхино, ул. Вешняковская, д. 22, ТЦ «Вешняковский пассаж», 3 этаж;;Ежедневно с 10:00 до 22:00.;;Детский мир;Супермаркет
г. Самара;п. Красный Пахарь, Московское шоссе, 24 км трассы, д. 5 СТЦ «МЕГА», 1 этаж;;Ежедневно с 10:00 до 22:00;;Детский мир;Супермаркет
г. Санкт;-Петербург, м. Московская, ул. Типанова, д.27/39, ТЦ «Космос», 1 этаж;;Ежедневно с 10:00 до 22:00.;;Детский мир;Супермаркет
г. Санкт;-Петербург, м. Пионерская, Коломяжский пр., д. 17А, корп 2А, ТЦ «Сити Молл», 3 этаж;;Ежедневно с 10:00 до 22:00.;;Детский мир;Супермаркет
Саратовская обл., г. Балаково;ул. Волжская, д. 100/1, ТЦ «Оранж», 3 этаж;;Ежедневно с 9:00 до 21:00.;;Детский мир;Супермаркет
г. Волгоград;ул. Землячки, д. 110 Б, ТРК «КомсоМолл», 0 этаж;;Ежедневно с 10:00 до 22:00.;;Детский мир;Супермаркет
г. Саранск;ул. Гагарина, д. 99а, ТРЦ «MAX», 1 этаж;;Ежедневно с 10:00 до 22:00.;;Детский мир;Супермаркет
г. Уфа;ул. Рубежная, д. 174, МЕГА, 1 этаж;;Ежедневно с 10:00 до 22:00.;;Детский мир;Супермаркет
г. Санкт;-Петербург, м. Бухарестская, ул. Фучика, д.2, ТЦ «РИО», 1 этаж;;Ежедневно с 10:00 до 22:00.;;Детский мир;Супермаркет
г. Ульяновск;Московское шоссе, д. 108, ТРЦ «Аква Маll», 2 этаж;;Ежедневно с 10:00 до 22:00.;;Детский мир;Супермаркет
г. Ярославль;Тутаевское шоссе, д.1, ТЦ «РИО Гранд», 1 этаж;;Ежедневно с 9:00 до 21:00.;;Детский мир;Супермаркет
г. Санкт;-Петербург, м. Приморская, В.О.Малый проспект, д. 88, ТЦ «Шкиперский Молл», 2 этаж;;Ежедневно с 10:00 до 22:00.;;Детский мир;Супермаркет
Московская обл., г. Серпухов;Борисовское шоссе, д. 1, ГТРК «Корстон», 1 этаж;;Ежедневно с 10:00 до 22:00.;;Детский мир;Флагман
;Московская область, пос. с-за им. Ленина, 24-й км МКАД вл.1 ТРК VEGAS, 3 этаж;;"понедельник - пятница: 10.00 - 23.00; суббота, воскресенье, праздничные дни: 10.00 - 24.00.";;Детский мир;Супермаркет
г. Чебоксары;Президентский бульвар, д. 20, ТЦ «Каскад», 4 этаж;;Ежедневно с 10:00 до 22:00.;;Детский мир;Супермаркет
г. Рязань;Московское шоссе, д. 21, ТРЦ «Премьер», 2 этаж;;Ежедневно с 10:00 до 22:00.;;Детский мир;Супермаркет
Оренбургская обл., г. Орск;пр-т Ленина, д. 25, ТЦ «Ринг Плаза», 3 этаж;;Ежедневно с 10:00 до 22:00;;Детский мир;Супермаркет
Республика Казахстан, г. Алматы;пр-т Райымбека, западное направление, ТРЦ «Апорт», 1 этаж;;"Понедельник-четверг, воскресенье: 10:00 - 22:00; пятница и суббота: 10:00 - 23:00.";;Детский мир;Супермаркет
г. Краснодар;ул. Крылатая, д. 2, ТЦ «OZ Mall», 2 этаж;;Ежедневно с 10:00 до 22:00.;;Детский мир;Супермаркет
Республика Казахстан, г. Караганда;пр-т Бухар Жырау, д. 59/2, ТРЦ «Сити Молл», 3 этаж;;Ежедневно с 10:00 до 22:00.;;Детский мир;Супермаркет
г. Вологда;Пошехонское шоссе, д. 22, ТРЦ «Мармелад», 3 этаж;;Ежедневно с 10:00 до 21:00.;;Детский мир;Супермаркет
г. Барнаул;Красноармейский пр-т, д. 58, ТЦ «Первомайский», 3 этаж;;Ежедневно с 10:00 до 21:00.;;Детский мир;Супермаркет
Ставропольский край, г. Пятигорск;ул. Объездная, д. 45а, ТЦ «Спортмастер», 2 этаж;;Ежедневно с 10:00 до 22:00.;;Детский мир;Супермаркет
Республика Казахстан, г. Шымкент;ш. Тамерлановское шоссе, д. 19, ТЦ «Аль-Фараби», 1 этаж;;Ежедневно с 10:00 до 21:00.;;Детский мир;Флагман
г. Брянск;ул. Красноармейская, д. 100, ТЦ «Мельница», -1 этаж;;Ежедневно с 9:00 до 21:00.;;Детский мир;Супермаркет
г. Ухта;ул. Строительная, д. 2а, ТЦ «Ярмарка», 1 этаж;;Ежедневно с 10:00 до 21:00;;Детский мир;Супермаркет
ХМАО, г. Сургут;Нефтеюганское шоссе, д. 1, ТЦ «Аура», 2 этаж;;Ежедневно с 10:00 до 22:00.;;Детский мир;Супермаркет
Московская обл., г. Химки;ул.Московская, д. 14А, ТЦ «Citrus», 3 этаж;;Ежедневно с 10:00 до 22:00.;;Детский мир;Супермаркет
г. Москва;м. Сходненская, ул. Сходненская, д.56, ТЦ «Калейдоскоп», 3 этаж;;Ежедневно с 10:00 до 22:00.;;Детский мир;Супермаркет
г. Тюмень;ул. 2-я Луговая, д. 30, ТРЦ «Па-На-Ма», 3 этаж;;Ежедневно с 10:00 до 21:00.;;Детский мир;Супермаркет
Ростовская обл.,г. Таганрог;ул. Дзержинского, д. 165Б, ТЦ «Москва», 3 и 4 этаж;;Ежедневно с 10:00 до 22:00.;;Детский мир;Супермаркет
ХМАО, г. Нягань;ул. Ленина, д. 28, ТЦ «Оазис Плаза», 2 этаж;;Ежедневно с 10:00 до 22:00.;;Детский мир;Супермаркет
г. Челябинск;ул. Дарвина, д. 18, ТК «Кольцо», 1 этаж;;Ежедневно с 10:00 до 22:00.;;Детский мир;Супермаркет
г. Северодвинск;пр-т Морской, д. 70, ТЦ «Сити», 1 этаж;;Ежедневно с 10:00 до 21:00.;;Детский мир;Супермаркет
г. Сочи;ул.Новая заря, д. 7, ТРЦ «МореМолл», 2 этаж;;Ежедневно с 10:00 до 22:00.;;Детский мир;Супермаркет
г. Ижевск;ул. Удмуртская, д. 255 Б, ТЦ «Флагман», 3 этаж;;Ежедневно с 10:00 до 22:00.;;Детский мир;Супермаркет
Республика Казахстан, г. Алматы;пр. Суюнбая, д. 2, ТЦ «Green», 1 этаж;;Ежедневно с 9:00 до 22:00.;;Детский мир;Супермаркет
г. Екатеринбург;ул. Амундсена, д. 63, ТРЦ «Гранат», 2 этаж;;Ежедневно с 10:00 до 22:00.;;Детский мир;Супермаркет
г. Альметьевск;ул. Ленина, д. 128, ТЦ «Спортмастер», 2 этаж;;Ежедневно с 9:00 до 21:00.;;Детский мир;Супермаркет
ХМАО, г. Сургут;Югорский тракт, д. 38, ТЦ «Сити Молл», 1 этаж;;Ежедневно с 10:00 до 22:00.;;Детский мир;Супермаркет
;м. Новогиреево, Свободный пр-т, д. 33, ТЦ «Перовский», 4 этаж;;Ежедневно с 10:00 до 22:00.;;Детский мир;Супермаркет
г. Улан;-Удэ, пр. Автомобилистов, д. 4А, ТРЦ «Капитал Молл», 2 этаж;;Ежедневно с 10:00 до 22:00.;;Детский мир;Супермаркет
г. Липецк;ул. Советская, д. 66, ТЦ «Европа», 2 этаж;;Ежедневно с 10:00 до 22:00;;Детский мир;Супермаркет
г. Нижний;Новгород, пл. Комсомольская, д. 2, ТЦ «Карусель», 3 этаж;;Ежедневно с 9:00 до 21:00.;;Детский мир;Супермаркет
Московская обл., г. Дмитров;ул. Загорская, д. 22, ТЦ «Центр», 2 этаж;;Ежедневно с 10:00 до 22:00.;;Детский мир;Супермаркет
Республика Татарстан, г. Набережные;Челны, пр-т Чулман, д. 89/57, ТРЦ «Сити Молл», 1 этаж;;Ежедневно с 10:00 до 22:00.;;Детский мир;Супермаркет
Московская обл., г. Чехов;Симферопольское ш., д. 1, 1 этаж;;Ежедневно с 10:00 до 22:00.;;Детский мир;Супермаркет
;Нижегородская обл., г Саров, ул. Силкина, д. 31, ТЦ «Атом», 3 этаж;;Ежедневно с 10:00 до 21:00.;;Детский мир;Супермаркет
г. Красноярск;ул. Телевизорная, д. 1, стр. 4, ТЦ «Изумрудный город», 1 этаж;;Ежедневно c 9:00 до 21:00.;;Детский мир;Супермаркет
Московская обл., г. Одинцово;Можайское шоссе, д. 133А, ТЦ «Westore», 3 этаж;;Ежедневно с 10:00 до 22:00.;;Детский мир;Супермаркет
Челябинская обл., г. Миасс;пр. Автозаводцев, д. 65, ТЦ «Слон», 1 этаж;;Ежедневно с 10:00 до 22:00.;;Детский мир;Супермаркет
г. Нижневартовск;ул. Чапаева, д. 27, МФК «Европа-сити», 3 этаж;;Ежедневно с 10:00 до 22:00.;;Детский мир;Супермаркет
ХМАО, г. Нефтеюганск;ул. Парковая д. 5/1, ТЦ «Континент», 2 этаж;;Ежедневно с 10:00 до 22:00.;;Детский мир;Супермаркет
Московская обл., г. Ивантеевка;Советский проспект, д. 2А, ТРЦ «Гагарин», 3 этаж;;Ежедневно с 10:00 до 22:00.;;Детский мир;Супермаркет
;м. Юго-Западная, Ленинский пр-т, д. 109, ТРЦ «РИО на Ленинском», 3 этаж;;Ежедневно с 10:00 до 22:00.;;Детский мир;Супермаркет
;Иркутская обл., г Ангарск, 192-й квартал, д. 12, ТРЦ «Фестиваль», 4 этаж;;Ежедневно с 10:00 до 21:00.;;Детский мир;Супермаркет
г. Калининград;Солнечный бульвар, д.1, ТЦ «Виктория», 2 этаж;;Ежедневно с 10.00 до 21.00.;;Детский мир;Супермаркет
г. Волгоград;Университетский пр-т, д. 107, ТЦ «Акварель», 1 этаж;;Ежедневно с 10:00 до 22:00.;;Детский мир;Супермаркет
;Воронежская обл., Рамонский р-н, п. Солнечный, ул. Парковая, д.3, ТРК «Сити-Парк Град», 2 этаж;;Ежедневно с 10:00 до 22:00.;;Детский мир;Супермаркет
г. Самара;Московское ш., 18-й км, д. 25Б, ТРК «Московский», 3 этаж;;Ежедневно с 10:00 до 22:00.;;Детский мир;Супермаркет
г. Санкт;-Петербург, м. Проспект Просвещения, Выборгское ш., д. 15а, ТЦ «Авеню», 2 этаж;;Ежедневно с 10.00 до 22.00.;;Детский мир;Супермаркет
Тюменская обл., г. Тобольск;7-й микрорайон, уч-к №30, ТЦ «Жемчужина Сибири», 2 этаж;;Ежедневно с 10:00 до 22:00.;;Детский мир;Супермаркет
г. Тула;ул. Советская, д. 47, ТЦ «Гостиный двор», 4 этаж;;Ежедневно с 10:00 до 22:00.;;Детский мир;Супермаркет
г. Пенза;ул. Центральная, д.1, ТЦ «Ритейл Парк», 3 этаж;;Ежедневно с 9:00 до 21:00.;;Детский мир;Супермаркет
;м. Савеловская, Сущевский Вал, д. 5 стр. 17, ТЦ «Савеловский», 1 этаж;;Ежедневно с 10:00 до 21:00.;;Детский мир;Супермаркет
;м. Бульвар Адмирала Ушакова, ул. Адмирала Лазарева, д. 2, ТЦ «Виктория», 2 этаж;;Ежедневно с 10:00 до 22:00;;Детский мир;Супермаркет
г. Иваново;ул. Лежневская, д. 55, ТЦ «Тополь», 3 этаж;;Ежедневно с 10:00 до 22:00.;;Детский мир;Супермаркет
г. Оренбург;ул. Советская, д. 42, ЦУМ, 2 этаж;;Ежедневно с 10:00 до 22:00.;;Детский мир;Супермаркет
г. Санкт;-Петербург, м. Ленинский проспект, Петергофское шоссе, д. 51, ТЦ «Жемчужная плаза», 3 этаж;;Ежедневно с 10:00 до 22:00.;;Детский мир;Супермаркет
Республика Татарстан, г. Набережные;Челны, пр. Сююмбике, д. 2/19, ТЦ «Омега», 1 и 2 этаж;;Ежедневно с 9:00 до 21:00.;;Детский мир;Супермаркет
г. Абакан;ул. Крылова, д. 66Б, ТЦ «Европа», 2 этаж;;Ежедневно с 10:00 до 22:00.;;Детский мир;Супермаркет
;м. Теплый стан, ул. Профсоюзная, д. 129А, ТЦ «Принц Плаза», 2 этаж;;Ежедневно с 10:00 до 22:00.;;Детский мир;Супермаркет
г. Саратов;Ново-Астраханское шоссе, д. 80, ТЦ «Сити-Молл», 2 этаж;;Ежедневно с 10:00 до 22:00.;;Детский мир;Супермаркет
;Ростовская обл., г Новочеркасск, пр. Платовский, д. 71, ТЦ «Платовский», 2 этаж;;Ежедневно с 10:00 до 22:00.;;Детский мир;Супермаркет
;м. Сокольники, Сокольническая площадь, д.9а, ТЦ «Престиж-М», 3 этаж;;Ежедневно с 10:00 до 21:00.;;Детский мир;Супермаркет
г. Ярославль;ул. Победы, д. 41, ТЦ «Аура», -1 этаж;;Ежедневно с 10:00 до 22:00.;;Детский мир;Супермаркет
г. Новокузнецк;ул. Кирова, д. 55, ТРЦ «Сити Молл», 3 этаж;;Ежедневно с 10:00 до 22:00;;Детский мир;Супермаркет
;м. Комсомольская, Комсомольская площадь, д.6/1, ТЦ «Московский», 4 этаж;;Ежедневно с 9:00 до 22:00.;;Детский мир;Гипермаркет
Республика Казахстан, г. Астана;пр. Туран, д. 37, ТЦ «Хан Шатыр», 3 этаж;;Ежедневно с 10:00 до 22:00.;;Детский мир;Супермаркет
Московская обл., г. Реутов;Носовихинское шоссе, д. 45, ТЦ «Реутов Парк», 4 этаж;;Ежедневно с 10:00 до 22:00.;;Детский мир;Флагман
;Московская обл., г Ногинск, ул. Соборная, д. 12, ТЦ «Остров», 3 этаж;;Ежедневно с 10:00 до 21:00.;;Детский мир;Супермаркет
г. Тюмень;ул. Дмитрия Менделеева, д. 1а, ТЦ «Кристалл», 2 этаж;;Ежедневно с 10:00 до 22:00.;;Детский мир;Супермаркет
г. Москва;м. Беляево, ул. Миклухо-Маклая, д. 36, ТЦ «МЦ», 3 этаж;;Ежедневно с 10:00 до 22:00.;;Детский мир;Супермаркет
Алтайский край, г. Бийск;ул. Советская, 205/2, ТЦ «Ривьера», 1 этаж;;Ежедневно с 9:00 до 21:00.;;Детский мир;Супермаркет
Ставропольский край, г. Пятигорск;ул. Ессентукская, д. 29Г, ТЦ «Вершина Плаза», 3 этаж;;Ежедневно с 10:00 до 22:00.;;Детский мир;Супермаркет
Челябинская обл., г. Магнитогорск;пр. Ленина, д. 83, ТРК «Континент», 3 этаж;;Ежедневно с 10:00 до 21:00.;;Детский мир;Супермаркет
г. Тверь;Октябрьский пр-т, д. 103, ТЦ «Торговый Парк N1», 1 этаж;;Ежедневно с 10:00 до 22:00.;;Детский мир;Супермаркет
г. Мурманск;Кольский проспект, д. 158, МФК «Северное Нагорное», 4 этаж;;Ежедневно с 10:00 до 22:00.;;Детский мир;Супермаркет
г. Курган;ул. Пичугина, д. 6, ТЦ «Воробьевы горы», 2 этаж;;Ежедневно с 9:00 до 21:00.;;Детский мир;Супермаркет
г. Ставрополь;пр. Карла Маркса, д. 53, ТЦ «Европейский», 2 этаж;;Ежедневно с 9:00 до 21:00.;;Детский мир;Супермаркет
Алтайский край, г. Рубцовск;ул. Тракторная, д. 17, ТЦ «Радуга», 1 этаж;;Ежедневно с 9:00 до 21:00.;;Детский мир;Супермаркет
г. Кемерово;пр-т Шахтеров, д. 54, ТЦ «Радуга», 2 этаж;;Ежедневно с 10:00 до 21:00.;;Детский мир;Супермаркет
г. Белгород;"мкрн. Пригородный, п. Дубовое, ул. Щорса 64, МТРК, Сити-Молл ""Белгородский"", 2 этаж";;Ежедневно с 10.00 до 22.00.;;Детский мир;Супермаркет
г. Красноярск;ул. Белинского, д.8, ТЦ «КомсоМолл», 2 этаж;;Ежедневно с 10:00 до 22:00.;;Детский мир;Супермаркет
г. Самара;ул. Аэродромная, д. 47А, ТЦ «Аврора», 4 этаж;;Ежедневно с 10:00 до 21:00.;;Детский мир;Супермаркет
г. Кемерово;пр-т Ленина, д. 35, ТЦ «Зимняя вишня», 3 этаж;;Ежедневно с 10.00 до 21.00.;;Детский мир;Супермаркет
г. Казань;"пр-т Победы, д. 91, ТРЦ ""Южный"", 2 этаж";;Ежедневно с 10.00 до 22.00.;;Детский мир;Супермаркет
г. Самара;"Южное шоссе, д. 5, ТК ""Амбар"", 1 этаж";;Ежедневно с 10.00 до 22.00.;;Детский мир;Супермаркет
г. Рязань;Солотчинское шоссе, д.11, ТЦ «Круиз», 3 этаж;;Ежедневно с 10:00 до 21:00.;;Детский мир;Супермаркет
г. Москва;м. Бульвар Дмитрия Донского, ул. Куликовская, д.6, ТЦ «Алфавит», 2 этаж;;Ежедневно с 10:00 до 22:00.;;Детский мир;Супермаркет
г. Архангельск;пр. Троицкий, д. 17, ТРЦ «Европарк», 3 этаж;;Ежедневно с 10:00 до 21:00.;;Детский мир;Супермаркет
г. Москва;м. Лермонтовский проспект, Жулебинский б-р., д. 16, ТЦ «Жулебинский бульвар», 2 этаж;;Ежедневно с 10.00 до 22.00.;;Детский мир;Супермаркет
Московская обл., г. Красногорск;66 км МКАД, ТРК «Vegas Crocus City», 4 и 5 этаж;;Пн-чт, вс: c 10-00 до 23-00, пт-сб и праздничные дни c 10-00 до 24-00. 28.04-1.05: c 10-00 до 24-00. 2.05-4.05: c 10-00 до 23-00. 5.05-9.05 - c 10-00 до 24-00;;Детский мир;Флагман
ЯНАО, г. Новый;Уренгой, ул.Сибирская, д.26, ТЦ «Солнечный», 2 этаж;;Ежедневно с 10:00 до 22:00.;;Детский мир;Супермаркет
Московская обл., г. Красногорск;ул. Ленина, 35а, ТЦ «Солнечный Рай», 3 этаж;;Ежедневно с 10:00 до 22:00.;;Детский мир;Супермаркет
г. Йошкар;-Ола, ул. Кирова, д. 6, ТРК «YOLKA», 2 этаж;;Ежедневно с 10:00 до 22:00.;;Детский мир;Супермаркет
г. Москва;м. Арбатская, ул. Воздвиженка, д 10, ТЦ «Военторг», 1 и 2 этажи;;Ежедневно с 9:00 до 23:00.;;Детский мир;Флагман
Ульяновская обл., г. Димитровград;ул. Б. Хмельницкого, д. 100, ТЦ «Прага», 2 этаж;;Ежедневно с 9:00 до 21:00.;;Детский мир;Супермаркет
Ростовская обл., г. Батайск;ул. Огородная, 74а, ТЦ «Оранжерея», 3 этаж;;Ежедневно с 10:00 до 22:00.;;Детский мир;Супермаркет
г. Петрозаводск;пр. Лесной, д.47, ТРЦ «Лотос Плаза», 3 этаж;;Ежедневно с 10:00 до 22:00.;;Детский мир;Супермаркет
Краснодарский край, г. Новороссийск;ул. Героев Десантников, д. 2, ТРЦ «Южный Пассаж», 4 этаж;;Ежедневно с 10:00 до 22:00.;;Детский мир;Супермаркет
г. Москва;м. Октябрьское поле, ул. Народного ополчения, д. 28, корп 1, -1 этаж;;Ежедневно с 9:00 до 22:00.;;Детский мир;Супермаркет
г. Санкт;-Петербург, м. Комендантский проспект, ул. Планерная, д. 59, ТЦ «Монпансье», 3 этаж;;Ежедневно с 10:00 до 22:00.;;Детский мир;Супермаркет
;м. Бабушкинская, ул. Менжинского, д. 38 корп. 2, стр. 2 -1 и 1 этаж;;Ежедневно с 9:00 до 22:00.;;Детский мир;Супермаркет
г. Челябинск;ул. Молодогвардейцев, д.7, ТК «Фиеста», 1 этаж;;Ежедневно с 10:00 до 22:00.;;Детский мир;Супермаркет
Кемеровская обл., г. Прокопьевск;"ул. Гайдара, д. 50а, ТРЦ ""Победа"", 1 этаж";;Ежедневно с 10:00 до 21:00.;;Детский мир;Супермаркет
г. Краснодар;"ул. Уральская, д. 98/2, ТРК ""Галактика"", 1 этаж";;Ежедневно с 10.00 до 22.00.;;Детский мир;Гипермаркет
Оренбургская обл., г. Бузулук;ул. Пушкина, д. 4, ТРК «Гранат», 2 этаж;;Ежедневно с 10:00 до 22:00.;;Детский мир;Супермаркет
Ставропольский край, г. Минеральные;Воды, ул. Советская, д. 28, ТРЦ «Вершина», цокольный этаж;;Ежедневно с 10:00 до 22:00.;;Детский мир;Супермаркет
г. Рязань;"Московское шоссе, д.65А, ТРЦ ""М5 Mall"", 1 этаж";;Ежедневно с 10:00 до 22:00.;;Детский мир;Супермаркет
г. Оренбург;ул. Салмышская, д. 71, ТРЦ «КИТ», 2 этаж;;Ежедневно с 10:00 до 22:00.;;Детский мир;Супермаркет
Самарская обл., г. Сызрань;пр-т 50 летия Октября, д.54а, ТЦ «Монгора», 1 этаж;;Ежедневно с 9:00 до 21:00.;;Детский мир;Супермаркет
;м. Бульвар Дмитрия Донского, МКАД 32 км, ТЦ «Новые Лужники», 2 этаж;;Ежедневно с 10:00 до 21:00;;Детский мир;Супермаркет
Московская обл., г. Мытищи;пр-д Шараповский, д 2, ТРК «Красный Кит», 3 этаж;;Ежедневно с 10:00 до 22:00.;;Детский мир;Супермаркет
Калужская обл., г. Обнинск;пр-т Маркса, д. 45, ТРК «Триумф Плаза», 3 этаж;;Ежедневно с 10:00 до 22:00.;;Детский мир;Супермаркет
;м. Царицыно, ул. Луганская, д. 10, ТЦ «Царицыно», 3 этаж;;Ежедневно с 10:00 до 22:00.;;Детский мир;Супермаркет
Псковская обл., г. Великие;Луки, ул. Вокзальная, д. 11, ТЦ «Апельсин», 2 этаж;;Ежедневно с 10:00 до 21:00.;;Детский мир;Супермаркет
г. Санкт;"- Петербург, м. Лесная, пр. Полюстровский, д. 84 А, ТРК ""Европолис"", 3 этаж";;Ежедневно с 10:00 до 22:00.;;Детский мир;Супермаркет
Кемеровская обл., г. Новокузнецк;ул. ДОЗ, д.10а, ТРЦ «Планета», 2 этаж;;Ежедневно с 10:00 до 22:00.;;Детский мир;Супермаркет
Ставропольский край, г. Невинномысск;243 км Пятигорского шоссе, ТЦ «Вершина», 1 этаж;;Ежедневно с 9:00 до 22:00.;;Детский мир;Супермаркет
г. Москва;м. Автозаводская, ул. Ленинская Слобода, 26 стр.2, ТЦ «Оранж Парк», 2 этаж;;Ежедневно с 10:00 до 22:00.;;Детский мир;Супермаркет
г. Красноярск;ул. Партизана Железняка, д.23, ТРЦ «Июнь», 3 этаж;;Ежедневно с 10:00 до 22:00.;;Детский мир;Флагман
г. Москва;м.Полежаевская, м. Динамо, Ходынский бульвар 4, ТЦ «Авиапарк», 4 этаж;;"Пн,вт,ср,чт,вс 10:00-22:00; пт, сб 10:00-23:00.";;Детский мир;Флагман
г. Санкт;-Петербург, м. Комендантский проспект, пр. Богатырский, д. 42, ТЦ «Окей», 1 этаж;;Ежедневно с 10:00 до 22:00.;;Детский мир;Супермаркет
г. Пермь;ул. Юрша, д. 86, ТЦ «Квартет», 3 этаж;;Ежедневно с 10:00 до 22:00.;;Детский мир;Супермаркет
;м. Тульская, ул.Большая Тульская, д.13, ТРЦ «Ереван Плаза», 4 этаж;;Ежедневно с 10:00 до 22:00.;;Детский мир;Супермаркет
г. Волгоград;ул. Рабоче-Крестьянская, д. 9Б, ТЦ «Ворошиловский», 3 этаж;;Ежедневно с 10:00 до 22:00.;;Детский мир;Супермаркет
г. Москва;м. Пражская, ул. Кировоградская, д. 13А, ТРЦ «Колумбус», 3 этаж;;Ежедневно с 10:00 до 22:00.;;Детский мир;Флагман
г. Смоленск;ул. 25 Сентября, д. 35А, ТЦ «Макси», 3 этаж;;Ежедневно с 10:00 до 21:00.;;Детский мир;Супермаркет
г. Санкт;-Петербург, м. Площадь Восстания, Лиговский проспект, 30а, ТРЦ «Галерея», 4 этаж;;Ежедневно с 10:00 до 23:00.;;Детский мир;Флагман
г. Архангельск;ул. Воскресенская, д. 20, ТРК «Титан Арена», 3 этаж;;Ежедневно с 10:00 до 21:00.;;Детский мир;Супермаркет
Челябинская обл., г. Златоуст;ул. Таганайская, д. 204, ТК «Катрин», 1 этаж;;Ежедневно с 10:00 до 20:00.;;Детский мир;Супермаркет
г. Москва;м. Марьино, ул. Поречная, д.10, ТРК MARI, 4 этаж;;Ежедневно с 10:00 до 23:00;;Детский мир;Супермаркет
г. Новосибирск;ул. Гоголя, 13, ТРЦ «Галерея», 3 этаж;;Ежедневно с 10:00 до 22:00.;;Детский мир;Супермаркет
г. Мурманск;пр-т Ленина, 34, ТРЦ «Мурманск Молл», 4 этаж;;Ежедневно с 10:00 до 22:00.;;Детский мир;Супермаркет
г. Барнаул;Павловский тракт, д. 188, ТРЦ «Арена», 4 этаж;;Ежедневно с 10:00 до 22:00;;Детский мир;Супермаркет
Архангельская обл., г. Котлас;пр. Мира, д. 18, ТЦ «Столица», 3 этаж;;Ежедневно с 10:00 до 21:00.;;Детский мир;Супермаркет
г. Тула;Калужское шоссе, д. 1A (пересечение с пр-т Ленина), ТЦ «Платоновский лес» 2 этаж;;Ежедневно с 10:00 до 22:00.;;Детский мир;Супермаркет
г. Иваново;ул. Куконковых, д.141, ТЦ «Евролэнд», 1 этаж;;Ежедневно с 10:00 до 22:00.;;Детский мир;Супермаркет
;Московская область, Солнечногорский р-н, р.п. Андреевка, корп.1562а, ТЦ «Мир детства», 2 этаж;;Ежедневно с 10:00 до 22:00.;;Детский мир;Супермаркет
Московская обл., г. Краснознаменск;"ул. Молодежная, 2/1, ТЦ ""Звездный"", 3 этаж";;Ежедневно с 10:00 до 22:00.;;Детский мир;Супермаркет
г. Новосибирск;Дзержинский пр-т, 2/2, ТЦ «Березовая роща», -1 этаж;;Ежедневно с 10:00 до 22:00.;;Детский мир;Супермаркет
;м. Отрадное, ул. Декабристов, 15, ТЦ «7 Континент», 2 этаж;;Ежедневно с 10:00 до 22:00.;;Детский мир;Супермаркет
ХМАО, г. Сургут;ул. Генерала Иванов, д. 1, ТРЦ «Вершина», 4 этаж;;Ежедневно с 10:00 до 22:00.;;Детский мир;Супермаркет
Республика Удмуртия, г. Глазов;ул. Первомайская, д.4, ТРЦ «ЦУМ», 3 этаж;;Ежедневно с 10:00 до 21:00.;;Детский мир;Супермаркет
г. Москва;м. Выхино, ул. Ферганская, 21, ТЦ «7 Континент» , 2 этаж;;Ежедневно с 10:00 до 22:00.;;Детский мир;Мини
;Московская обл., Мытищинский р-н, Алтуфьевское шоссе, вл. 3/1, ТЦ «Весна», 2 этаж;;Ежедневно с 10:00 до 22:00.;;Детский мир;Мини
;м. Выхино, ул. Сормовская, д. 6, ТЦ «Да», 2 этаж;;Ежедневно с 10:00 до 22:00.;;Детский мир;Мини
г. Иркутск;ул. Верхняя Набережная, д. 10, ТРК «КомсоМолл», 3 этаж;;Ежедневно с 10:00 до 22:00.;;Детский мир;Супермаркет
Московская обл., г. Щелково;Фряновское шоссе, д. 1, ТЦ «Гранд Плаза», 4 этаж;;Ежедневно с 10:00 до 22:00.;;Детский мир;Мини
г. Владикавказ;ул. Московская, д. 67А, ТРЦ «Алания молл», 3 этаж;;Ежедневно с 10:00 до 22:00.;;Детский мир;Гипермаркет
г. Пермь;ул. Спешилова, д. 114, ТРЦ «Спешилов», 3 этаж;;Ежедневно с 10:00 до 22:00.;;Детский мир;Супермаркет
Ярославская обл., г. Рыбинск;ул. Бабушкина, дом 29, ТРЦ «Vikonda», 2 этаж;;Ежедневно с 10:00 до 21:00;;Детский мир;Супермаркет
Владимирская обл., г. Ковров;ул. Комсомольская, д. 116, ТЦ «Городок», 2 этаж;;Ежедневно с 09:00 до 20:00.;;Детский мир;Супермаркет
Московская обл., г. Красногорск;ул. Знаменская, д. 5, ТРК «Июнь», 3 этаж;;Ежедневно с 10:00 до 22:00.;;Детский мир;Гипермаркет
г. Нижний;Новгород, пр. Молодежный, д. 2A, ТЦ «Звезда», 3 этаж;;Ежедневно с 9:00 до 21:00.;;Детский мир;Супермаркет
г. Сыктывкар;ул. Коммунистическая, д. 50, ТРЦ «Парма», 2 этаж;;Ежедневно с 10:00 до 22:00.;;Детский мир;Супермаркет
Самарская обл., г. Тольятти;Автозаводское шоссе, д. 6, ТРЦ «Парк Хаус», 2 этаж;;Ежедневно с 10:00 до 22:00.;;Детский мир;Супермаркет
г. Владимир;ул. Растопчина, д. 24А, ТЦ «Меридиан», 3 этаж;;Ежедневно с 10:00 до 20:00;;Детский мир;Супермаркет
;м. Алексеевская, пр. Мира, д. 122, ТЦ «Алексеевская», 1 этаж;;Ежедневно с 9:00 до 22:00.;;Детский мир;Супермаркет
г. Тверь;пл. Гагарина, д. 5, ТЦ «РИО», 2 этаж;;Ежедневно с 10:00 до 22:00.;;Детский мир;Супермаркет
Московская область, г. Реутов;2-й км МКАД, д. 2, ТРЦ «Шоколад», 4 этаж;;Ежедневно с 10:00 до 22:00.;;Детский мир;Мини
Московская обл., г. Железнодорожный;ул. Маяковского, д. 12, стр. 2, ТЦ «Маяковского», 2 этаж;;Ежедневно с 10:00 до 22:00.;;Детский мир;Супермаркет
Саратовская обл., г. Энгельс;пл. Ленина, д. 4, ТЦ «Лазурный», 2 этаж;;Ежедневно с 10:00 до 21:00.;;Детский мир;Супермаркет
;м. Царицыно, ул. Лебедянская, д. 17, ТЦ «7 континент», 2 этаж;;Ежедневно с 10:00 до 22:00.;;Детский мир;Супермаркет
;Ярославская обл, п. Нагорный, ул. Дорожная, д. 6а, ТЦ «Вернисаж», 1 этаж;;Ежедневно с 10:00 до 22:00.;;Детский мир;Супермаркет
Московская обл., г. Фрязино;ул. Школьная, д. 5Б, ТЦ «L Park»;;Ежедневно с 9:00 до 22:00.;;Детский мир;Супермаркет
г. Омск;ул. Заозерная, д. 11/1, ТЦ «Первомайский», 2 этаж;;Ежедневно с 10:00 до 21:00.;;Детский мир;Супермаркет
г. Москва;м. Тушинская, ул. Тушинская, д. 17, ТЦ «Праздник», 2 этаж;;Ежедневно с 9:00 до 21:00.;;Детский мир;Мини
г. Новосибирск;Гусинобродское шоссе, д. 20, ТЦ «Континент», 2 этаж;;Ежедневно с 10:00 до 22:00.;;Детский мир;Супермаркет
г. Москва;м. Водный стадион, Головинское шоссе, д. 5, ТЦ «Водный», 3 этаж;;Ежедневно с 10:00 до 22:00.;;Детский мир;Супермаркет
г. Саратов;ул. 3-я Дачная, ТРЦ «ТАУ Галерея», 3 этаж;;Ежедневно с 10:00 до 22:00.;;Детский мир;Супермаркет
;Московская обл., г Клин, ул. Карла Маркса, д. 4, ТЦ «Дарья», 2 этаж;;Ежедневно с 10:00 до 22:00.;;Детский мир;Мини
Московская обл., г. Серпухов;бульвар 65 лет Победы, д. 4, ТЦ «METRO»;;Ежедневно с 9:00 до 22:00.;;Детский мир;Супермаркет
Московская обл., г. Электросталь;ул. Корешкова, д. 3, КРЦ «Парк Плаза»;;Ежедневно с 10:00 до 22:00.;;Детский мир;Супермаркет
г. Нижний;Новгород, ул. Большая Покровская, д. 82, ТЦ «Небо», 4 этаж;;Ежедневно с 10:00 до 22:00;;Детский мир;Супермаркет
г. Киров;ул. Ленина, д. 169, ТЦ «Микс», 2 этаж;;Ежедневно с 9:00 до 22:00.;;Детский мир;Супермаркет
ХМАО, г. Югорск;ул. Октябрьская, д. 2, ТЦ «Лайнер», 2 этаж;;Ежедневно с 10:00 до 22:00.;;Детский мир;Супермаркет
Мурманская обл., г. Мончегорск;ул. Гагарина, д. 8, ТЦ «Перекресток», 2 этаж;;Ежедневно с 10:00 до 22:00.;;Детский мир;Супермаркет
г. Колпино;ул. Пролетарская, д. 36а, ТЦ «Меркурий», 3 этаж;;Ежедневно с 10:00 до 22:00.;;Детский мир;Мини
г. Воронеж;пр. Ленинский, д. 1Д, ТЦ «Левый берег», 3 этаж;;Ежедневно с 10:00 до 21:00.;;Детский мир;Супермаркет
Краснодарский край, г. Новороссийск;Анапское шоссе, д. 39А, ТЦ «Бон Пассаж», 3 этаж;;Ежедневно с 10:00 до 22:00.;;Детский мир;Супермаркет
г. Санкт;-Петербург, м. Ленинский проспект, Ленинский пр-т, д.100А, ТЦ «Фиолент», 2 этаж;;Ежедневно с 10:00 до 22:00.;;Детский мир;Гипермаркет
г. Санкт;-Петербург, м. Проспект Большевиков, ул. Коллонтай, д. 3, ТЦ «Лондон Молл», 3 этаж;;Ежедневно с 10:00 до 22:00.;;Детский мир;Супермаркет
г. Курск;ул. Студенческая, д. 1Д, ТЦ «Европа-40», 3 этаж;;Ежедневно с 10:00 до 22:00.;;Детский мир;Мини
Краснодарский край, г. Армавир;ул. Мичурина, д. 2, ТЦ «Слон», 1 этаж;;Ежедневно с 10:00 до 22:00.;;Детский мир;Супермаркет
г. Санкт;-Петербург, м. Озерки, пр-т Культуры, д. 1, ТЦ «Родео Драйв», 3 этаж;;Ежедневно с 10:00 до 22:00.;;Детский мир;Супермаркет
г. Челябинск;Копейское ш, д. 64, ТРЦ «Алмаз», 2 этаж;;Ежедневно с 10:00 до 22:00.;;Детский мир;Супермаркет
;м. Марьино, Новочеркасский бульвар, д. 7, ТЦ «Седьмой континент», 2 этаж;;Ежедневно с 9:00 до 22:00.;;Детский мир;Мини
Республика Татарстан, г. Нижнекамск;ул. Баки Урманче, д. 7А, ТЦ «Олимп», 3 этаж;;Ежедневно с 9:00 до 21:00.;;Детский мир;Супермаркет
г. Санкт;-Петербург, м. Проспект Просвещения/Гражданский проспект, пр-т Культуры, д. 41, ТЦ «Северный молл», 1 этаж;;Ежедневно с 10:00 до 22:00.;;Детский мир;Супермаркет
Ленинградская обл., г. Гатчина;Пушкинское шоссе, д. 15А, ТРК «CUBUS», 3 этаж;;Ежедневно с 10:00 до 21:00.;;Детский мир;Супермаркет
г. Екатеринбург;ул Восстания, д. 50, ТЦ «Кировский люкс», 3 этаж;;Ежедневно с 10:00 до 22:00.;;Детский мир;Супермаркет
;Московская обл., г Люберцы, ул. Побратимов, д. 7, ТЦ «Светофор», 3 этаж;;Ежедневно с 10:00 до 22:00.;;Детский мир;Мини
Вологодская обл., г. Череповец;пр. Победы, д. 93, ТЦ «Рассвет», 4 этаж;;Ежедневно с 10:00 до 21:00.;;Детский мир;Супермаркет
г. Москва;м. Ясенево, Новоясеневский пр-т, д. 7, стр.1,ТЦ «Калита», 3 этаж;;Ежедневно с 10:00 до 22:00.;;Детский мир;Супермаркет
г. Санкт;-Петербург, м. Купчино, Балканская пл., д. 5, ТЦ «Балкания Nova», 2 этаж;;Ежедневно с 10:00 до 22:00.;;Детский мир;Супермаркет
г. Ростов;-на-Дону, ул. Жданова, д. 2/7, ТЦ «Левенцовский», 2 этаж;;Ежедневно с 10:00 до 22:00;;Детский мир;Супермаркет
г. Москва;м. Новогиреево, ул Саянская, д. 8А, ТЦ «Столица», цокольный этаж;;Ежедневно с 10:00 до 22:00.;;Детский мир;Мини
г. Новосибирск;ул. Троллейная, д. 130а, ТЦ «Континент», 2 этаж;;Ежедневно с 10:00 до 22:00.;;Детский мир;Супермаркет
г. Ставрополь;ул. Артема, д. 49, ТЦ «Европейский-2», 3 этаж;;Ежедневно с 09:00-21:00.;;Детский мир;Супермаркет
г. Киров;ул. Волкова, д. 6А, ТРК «Фестиваль», 1 этаж;;Ежедневно с 10:00 до 22:00.;;Детский мир;Супермаркет
Ленинградская обл., г. Кириши;пр. Героев, д. 33, ТЦ «Кириши Плаза», 2 этаж;;Ежедневно с 10:00 до 22:00.;;Детский мир;Супермаркет
г. Санкт;-Петербург, м. Комендантский проспект, Комендантская пл., д. 1А, ТРК «Атмосфера», 4 этаж;;Ежедневно с 10:00 до 22:00.;;Детский мир;Супермаркет
г. Великий;Новгород, ул. Ломоносова, д. 29, ТРЦ «Мармелад», 3 этаж;;Ежедневно с 10:00 до 21:00.;;Детский мир;Супермаркет
г. Санкт;-Петербург, м. Старая деревня, ул. Савушкина, д. 116, ТЦ «Карусель», 2 этаж;;Ежедневно с 10:00 до 22:00.;;Детский мир;Гипермаркет
г. Санкт;-Петербург, м. Бухарестская, ул. Бухарестская, д. 30/32, ТРК «Континент», 3 этаж;;Ежедневно с 10:00 до 22:00.;;Детский мир;Супермаркет
г. Санкт;-Петербург, м. Международная, ул. Пражская, д. 48/50, ТЦ «Южный полюс», 3 этаж;;Ежедневно с 10:00 до 22:00.;;Детский мир;Супермаркет
Мурманская обл., г. Североморск;ул. Гвардейская, д. 24а, ТЦ «Авиатор», 2 этаж;;Ежедневно с 10:00 до 22:00.;;Детский мир;Супермаркет
г. Тула;ул. Пролетарская, д. 2, ТЦ «Макси», 2 этаж;;Ежедневно с 10:00 до 21:00.;;Детский мир;Супермаркет
г. Москва;м. Свиблово, пр. Мира, д. 211, ТЦ «Золотой вавилон», 3 этаж (2 торговый уровень, №106, возле магазина Медиа Маркт);;Ежедневно с 10:00 до 22:00.;;Детский мир;Супермаркет
г. Саранск;ул. Волгоградская, д. 71, ТРЦ «Сити парк», 2 этаж;;Ежедневно с 10:00 до 22:00.;;Детский мир;Супермаркет
г. Ульяновск;ул. Рябикова, д. 70, ТЦ «Альянс», 3 этаж;;Ежедневно с 9:00 до 21:00.;;Детский мир;Супермаркет
г. Черкесск;ул.Кавказская, д. 37, ТРЦ «Панорама», 3 этаж;;Ежедневно с 10:00 до 22:00.;;Детский мир;Супермаркет
г. Чебоксары;пр-т Максима Горького, д. 10А, ТРК «Волжский», 2 этаж;;Ежедневно с 10:00 до 21:00.;;Детский мир;Супермаркет
г. Пенза;ул. Московская, д. 83, ТЦ «Пассаж», 3 этаж;;Ежедневно с 9:00 до 21:00.;;Детский мир;Супермаркет
Московская обл., г. Балашиха;шоссе Энтузиастов, д. 1Б, ТЦ «Светофор», 4 этаж;;Ежедневно с 10:00 до 22:00.;;Детский мир;Супермаркет
г. Москва;м. Юго-Западная, пр-т Вернадского, д. 86А, ТРЦ «Avenue South West», 3 этаж;;Ежедневно с 10:00 до 22:00.;;Детский мир;Мини
;Свердловская обл., г Серов, ул. Ленина, д 215, ТЦ NEBO, 2 этаж;;Ежедневно с 10:00 до 21:00.;;Детский мир;Супермаркет
г. Москва;Зеленоград, корпус 2309А (ул. Радио, 11), ТЦ «Столица», 2 этаж;;Ежедневно с 10:00 до 22:00.;;Детский мир;Супермаркет
г. Иркутск;ул. Сергеева, д. 3/5, ТЦ «Сильвер Молл», 3 этаж;;Ежедневно с 10:00 до 22:00.;;Детский мир;Супермаркет
Брянская обл., г. Клинцы;ул. Дзержинского, д. 57, ТЦ «Гранд парк», 1 этаж;;Ежедневно с 09:00 до 22:00;;Детский мир;Супермаркет
Саратовская обл., г. Балашов;ул. Энтузиастов, д. 1, ТЦ «Балашовский пассаж», 1 этаж;;Ежедневно с 10:00 до 22:00.;;Детский мир;Супермаркет
Московская обл., г. Серпухов;ул. Ворошилова, д. 139, ТЦ «Лето», 3 этаж;;Ежедневно с 10:00 до 21:00.;;Детский мир;Супермаркет
;Московская обл, Солнечногорский р-н, ГП Ржавки, рабочий поселок Ржавки, микрорайон 2, стр. 1, ТЦ «Zеленопарк», 1 этаж;;Ежедневно с 10:00 до 22:00.;;Детский мир;Супермаркет
;м. Выставочная, Пресненская наб., д. 2, ТЦ «Афимолл Сити», 4 этаж;;Понедельник-четверг: 10:00-22:00. Пятница-суббота: 10:00-23:00. Воскресенье: 10:00-22:00.;;Детский мир;Мини
Республика Башкортостан, г. Стерлитамак;пр. Октября, д. 36, ТЦ «Сити Молл», 3 этаж;;Ежедневно с 10:00 до 22:00.;;Детский мир;Супермаркет
Московская обл., г. Дубна;ул. Попова, д. 10, ТЦ «Орбита», 1 этаж;;Ежедневно с 9:00 до 21:00.;;Детский мир;Супермаркет
Владимирская обл., г. Александров;ул. Ленина, д. 13, к.2 «А», ТЦ «Купеческий», 2 этаж;;Ежедневно с 9:00 до 21:00.;;Детский мир;Супермаркет
Республика Казахстан, г. Алматы;пр. Райымбека, д. 239Г, ТРЦ «MAXIMA», 2 этаж;;Ежедневно с 10:00 до 22:00.;;Детский мир;Супермаркет
г. Кострома;ул. Ткачей, д. 7, ТЦ «Галерея», 1 этаж;;Ежедневно с 10:00 до 21:00.;;Детский мир;Супермаркет
г. Москва;м. Автозаводская, ул. Автозаводская, д. 18, ТРЦ «Ривьера», 3 этаж;;Ежедневно с 10:00 до 22:00.;;Детский мир;Супермаркет
Московская обл., г. Истра;пл. Революции, д. 6, ТЦ «Бриз», 2 этаж;;Ежедневно с 9:00 до 22:00.;;Детский мир;Супермаркет
;м. Первомайская, ул. Первомайская, 42, ТЦ «Измайловский», 2 этаж;;Ежедневно с 10:00 до 22:00.;;Детский мир;Супермаркет
Московская обл., г. Одинцово;Можайское ш., д. 71, ТЦ «Дубрава», 4 этаж;;Ежедневно с 9:00 до 21:00;;Детский мир;Супермаркет
Московская обл., г. Сергиев;Посад, Новоугличское ш., д. 58б, ТК «Перекресток», 3 этаж;;Ежедневно с 10:00 до 22:00.;;Детский мир;Супермаркет
;м. Ул. Академика Янгеля, Варшавское шоссе, д. 152а, ТЦ «Сомбреро», 3 этаж;;Ежедневно с 10:00 до 22:00.;;Детский мир;Супермаркет
Московская обл., г. Ступино;ул. Горького, д. 20, стр. 1, ТЦ «Райпо», 2 этаж;;Ежедневно с 9:00 до 21:00.;;Детский мир;Супермаркет
г. Псков;ул. Кузбасской Дивизии, д. 19., ТК «Акваполис», 2 этаж;;Ежедневно с 10:00 до 22:00.;;Детский мир;Супермаркет
г. Каменск;-Уральский, ул. Октябрьская, д. 116, ТЦ «Мандарин»;;Ежедневно 10:00-22:00.;;Детский мир;Супермаркет
г. Новосибирск;ул. Курчатова, д. 1, ТРЦ «Голден Парк», 2 этаж;;Ежедневно с 10:00 до 22:00;;Детский мир;Супермаркет
г. Санкт;-Петербург, м. Звездная, ул.Ленсовета, д. 97, ТРК «Континент», 3 этаж;;Ежедневно с 10:00 до 22:00.;;Детский мир;Супермаркет
Московская обл., г. Люберцы;Октябрьский пр-т, д. 366, ТЦ «Орбита», 3 этаж;;Ежедневно с 10:00 до 22:00.;;Детский мир;Мини
Ростовская обл., г. Таганрог;ул. Чучева, д. 38, ТЦ «Лето», 2 этаж;;Ежедневно с 10:00 до 22:00.;;Детский мир;Супермаркет
г. Томск;пр-т Ленина, д. 217, стр 2, ТРЦ «Мегаполис», 2 этаж;;Ежедневно с 10:00 до 22:00.;;Детский мир;Супермаркет
;м. Свиблово, ул. Снежная, д. 26, ТОЦ «Снежная», 4 этаж;;Ежедневно с 10:00 до 22:00.;;Детский мир;Супермаркет
Московская обл., г. Подольск;ул. Ленинградская, д.21 ТЦ «Западный»;;Ежедневно с 09:00 до 22:00.;;Детский мир;Мини
г. Москва;м. Пятницкое шоссе, 7-ой км Пятницкого шоссе, вл.2, ТЦ «Отрада», 1 этаж;;Ежедневно с 10:00 до 22:00.;;Детский мир;Супермаркет
Республика Казахстан, г. Алматы;ул. Кабдолова, д.1/4, ТРЦ «Grand Park», 1 этаж;;Ежедневно с 10:00 до 22:00;;Детский мир;Супермаркет
;Московская обл., Воскресенский р-н, с/п Фединское, ул. Фединская, д. 1, ТРЦ «W», 2 этаж;;Ежедневно с 9:00 до 22:00.;;Детский мир;Супермаркет
Московская обл., г. Королев;мкрн Юбилейный, ул. Лесная, д.14, корп 1, ТЦ «Лесная, 14», 2 этаж;;Ежедневно с 9:00 до 22:00.;;Детский мир;Супермаркет
г. Москва;м. Крылатское, Осенний бульвар, 12, ТЦ «Крылатский», 4 этаж;;Ежедневно с 10:00 до 22:00;;Детский мир;Супермаркет
;"Московская область, Красногорский р-н., автодорога ""Балтия"", ТРК «Рига Молл», 3 этаж";;Ежедневно с 10:00 до 22:00.;;Детский мир;Супермаркет
г. Вологда;ул. К. Маркса, 105, ТЦ «Апельсин», 2 этаж;;Ежедневно с 10:00 до 20:00.;;Детский мир;Супермаркет
Республика Казахстан, г. Актобе;пр-т Абулхаир-Хана, 12 мкр., д.21 Л, ТЦ «City Center», цокольный этаж;;Ежедневно с 10:00 до 22:00.;;Детский мир;Супермаркет
Пермский край, г. Чайковский;ул. Советская, д. 36, ТЦ «Айсберг», 3 этаж;;Ежедневно с 10:00 до 22:00.;;Детский мир;Супермаркет
г. Москва;м. Славянский бульвар, Кутузовский пр-т, д. 57, МОЦ «Океания», 3 этаж;;Пн-чт, вс: с 10:00 до 22:00, пт-сб с 10:00 до 23:00;;Детский мир;Супермаркет
г. Чита;ул. Шилова, д. 100, ТРЦ «Макси», 1 этаж;;Ежедневно с 10:00 до 22:00;;Детский мир;Супермаркет
г. Чита;ул. Журавлева, д. 79, ТРЦ «НоVосити», 2 этаж;;Ежедневно с 10:00 до 22:00;;Детский мир;Супермаркет
г. Санкт;-Петербург, м.Рыбацкое, ул. Тепловозная, д. 31, ТРК «Порт Находка», 3 этаж;;Ежедневно с 10:00 до 22:00;;Детский мир;Супермаркет
г. Москва;м. Полежаевская, Хорошевское шоссе, д. 27, ТРЦ «Хорошо!», 3 этаж;;Ежедневно с 10:00 до 22:00.;;Детский мир;Флагман
;м. ВДНХ, Ярославское шоссе, д. 54, ТЦ «Наш», 2 этаж;;Ежедневно с 10:00 до 22:00.;;Детский мир;Супермаркет
Московская обл., г. Клин;ул. Гагарина, д. 31/36, ТЦ «Атак», 1 этаж;;Ежедневно с 9:00 до 22:00.;;Детский мир;Супермаркет
г. Уфа;ул. Бакалинская, д. 27, ТРЦ «Ультра Сити Молл», 3 этаж;;Ежедневно с 10:00 до 22:00;;Детский мир;Супермаркет
г. Москва;м. Коломенская, пр-т Андропова, д. 22, ТЦ «Нора»;;Ежедневно с 10:00 до 22:00.;;Детский мир;Супермаркет
г. Воронеж;пр-т Патриотов, д. 3А, ТЦ «Юго-Запад», 3 этаж;;Ежедневно с 9:00 до 21:00.;;Детский мир;Супермаркет
г. Ставрополь;ул. Бруснева, д. 11Б, ТРЦ «Триумф», 2 этаж;;Ежедневно с 10:00 до 22:00.;;Детский мир;Супермаркет
ХМАО, г. Когалым;ул. Дружбы Народов, д. 60, СРК «Галактика», 1 и 2 этажи;;Ежедневно с 10:00 до 22:00;;Детский мир;Супермаркет
г. Улан;-Удэ, Жердева, д. 136/1, ТЦ «People Park» (2-я очередь ТЦ), 3 этаж;;Ежедневно с 10:00 до 22:00;;Детский мир;Супермаркет
;м. Авиамоторная, шоссе Энтузиастов, д. 12 корп. 2, ТЦ «Город»;;Ежедневно с 10:00 до 22:00.;;Детский мир;Гипермаркет
г. Москва;мкр. Московский, ул. Солнечная, д. 3, ТЦ «Радуга», 3 этаж;;Ежедневно с 10:00 до 22:00.;;Детский мир;Супермаркет
г. Барнаул;пр. Ленина, д. 102в, ТРЦ «Пионер», 3 этаж;;Ежедневно с 10:00 до 22:00.;;Детский мир;Супермаркет
Ставропольский край, г. Буденновск;ул. Ленинская, д. 90, ТЦ «На Ленинской», 1 этаж;;Ежедневно с 09:00 до 21:00.;;Детский мир;Супермаркет
Московская обл., г. Луховицы;ул.Пушкина, д. 125, ТЦ «КАДО»;;Ежедневно с 10:00 до 22:00.;;Детский мир;Супермаркет
Московская обл., г. Лыткарино;ул. Парковая, д. 2, ТЦ «Весна», 2 этаж;;Ежедневно с 10:00 до 22:00.;;Детский мир;Супермаркет
Калужская обл., г. Обнинск;ул. Красных зорь, д. 16, ТЦ «Атлас», 3 этаж;;Ежедневно с 10:00 до 22:00;;Детский мир;Супермаркет
Нижегородская обл., г. Арзамас;ул. Мира, д. 13, ТЦ «Манго», 3 этаж;;Ежедневно с 9:00 до 20:00;;Детский мир;Супермаркет
г. Ростов;-на-Дону, Коммунистический пр., д. 32, ТЦ «Западный»;;Ежедневно с 10:00 до 22:00;;Детский мир;Супермаркет
ХМАО, г. Лангепас;ул. Солнечная, д. 21, ТРЦ «Арбат», 2 этаж;;Ежедневно с 10:00 до 22:00;;Детский мир;Супермаркет
г. Архангельск;Ленинградский пр-т, д. 38, ТРЦ «Макси», 3 этаж;;Ежедневно с 10:00 до 21:00.;;Детский мир;Супермаркет
г. Москва;Дмитровское шоссе, д. 89, ТЦ «XL»;;Ежедневно с 10:00 до 22:00;;Детский мир;Супермаркет
г. Москва;пос. Внуковское, ул. Летчика Ульянина, д. 5, ТЦ «Солнцево-парк»;;Ежедневно с 10:00 до 22:00;;Детский мир;Супермаркет
Московская обл., г. Домодедово;ул. Гагарина, д. 37, ТЦ «Форус», 3 этаж;;Ежедневно с 9:00 до 22:00.;;Детский мир;Супермаркет
Республика Казахстан, г. Уральск;пр-т Евразия, д. 101, ТРЦ «City Center»;;Ежедневно с 10:00 до 22:00;;Детский мир;Супермаркет
г. Москва;мкр. Московский, Киевское шоссе, 23 км, д. 8/1, ТРЦ «РИО», 2 этаж;;Ежедневно с 10:00 до 22:00.;;Детский мир;Супермаркет
Республика Ингушетия, г. Магас;ул. Кулиева, д. 29, ТЦ «Столица»;;Ежедневно с 09:00 до 21:00.;;Детский мир;Супермаркет
Республика Казахстан, г. Костанай;ул. Аль-Фараби, д. 65, ЦУМ;;Ежедневно с 10:00 до 21:00.;;Детский мир;Супермаркет
г. Грозный;пр. Ахмата Кадырова, д. 40, ТРЦ «Гранд Парк», 1 этаж;;Ежедневно с 10:00 до 22:00.;;Детский мир;Супермаркет
г. Орел;Кромское ш., ТМК «Гринн», д. 4;;Ежедневно с 10:00 до 22:00;;Детский мир;Супермаркет
г. Санкт;-Петербург, м. Новочеркасская, Брантовская дорога, д. 3, ТЦ «Охта Молл»;;Ежедневно с 10:00 до 22:00;;Детский мир;Гипермаркет
Белгородская обл., г. Губкин;ул.Космонавтов, 14, ТРЦ «Европа»;;Ежедневно с 10:00 до 21:00;;Детский мир;Супермаркет
;м. Киевская, ул. Киевская, вл. 2, МФК «Киевский»;;Ежедневно с 10:00 до 22:00.;;Детский мир;Супермаркет
г. Казань;ул. Зорге, д. 11Б, ТРЦ «Горки Парк», 2 этаж;;Ежедневно с 10:00 до 22:00;;Детский мир;Супермаркет
Московская обл., Ногинский р-н, г. Старая;Купавна, ул. Кирова, д. 19, ТЦ ТЦ «Шоколад»;;Ежедневно с 10:00 до 21:00;;Детский мир;Супермаркет
г. Новосибирск;ул. Кутателадзе, д. 4, ТРЦ «Эдем», 3 этаж;;Ежедневно с 10:00 до 22:00.;;Детский мир;Супермаркет
г. Екатеринбург;ул. Сыромолотова, д. 22, ТЦ «Кировский»;;Ежедневно с 10:00 до 22:00;;Детский мир;Супермаркет
г. Владикавказ;ул. Джанаева, д.42, ТЦ «Глобус»;;Ежедневно с 09:00 до 21:00.;;Детский мир;Супермаркет
Московская обл., г. Балашиха;шоссе Энтузиастов, д. 54а, ТРЦ «Галион»;;Ежедневно с 10:00 до 21:00.;;Детский мир;Супермаркет
Республика Ингушетия, г. Назрань;ул. Фабричная, д. 26, ТЦ «Фабрика»;;Ежедневно с 09:00 до 21:00.;;Детский мир;Супермаркет
Московская обл., г. Раменское;ул. Чугунова, д. 15Б, ТЦ «Мебель Хол»;;Ежедневно с 10:00 до 21:00;;Детский мир;Супермаркет
г. Орел;пл. Мира, д. 1, ТЦ ЦУМ;;Ежедневно с 10:00 до 22:00;;Детский мир;Супермаркет
Свердловская обл., г. Нижний;Тагил, Свердловское шоссе, д. 31, ТЦ «DEPO»;;Ежедневно с 10:00 до 22:00.;;Детский мир;Супермаркет
г. Тюмень;ул. Тимофея Чаркова, д. 60, ТЦ «City Mall»;;Ежедневно с 10:00 до 22:00;;Детский мир;Супермаркет
Пермский край, г. Березники;ул. Пятилетки, д. 150, ТЦ «Оранж молл»;;Ежедневно с 10:00 до 22:00;;Детский мир;Супермаркет
Республика Дагестан, г. Махачкала;пр-т Акушинского, район авторынка «Северный», 1 этаж;;Ежедневно с 9:00 до 21:00;;Детский мир;Супермаркет
Московская обл., г. Солнечногорск;ул. Красная, д. 22А, ТЦ «Солнечный»;;Ежедневно с 10:00 до 22:00;;Детский мир;Супермаркет
г. Ульяновск;пр-т Врача Сурова, д. 2А, ТЦ «Магнит»;;Ежедневно с 10:00 до 22:00;;Детский мир;Супермаркет
;Московская обл., Солнечногорск, ул. Почтовая, д. 17/8, ТЦ «Сенеж», 4 этаж;;Ежедневно с 9:00 до 22:00.;;Детский мир;Супермаркет
Саратовская обл., г. Энгельс;ул. Тельмана, д. 137, ТРЦ «Аврора»;;Ежедневно с 10:00 до 21:00;;Детский мир;Супермаркет
г. Великий;Новгород, ул. Державина, д. 19, ТЦ «Магнит»;;Ежедневно с 10:00 до 22:00;;Детский мир;Супермаркет
г. Москва;ул. Святоозерская, д. 1А, ТРЦ «Косино Парк»;;Ежедневно с 10:00 до 22:00;;Детский мир;Супермаркет
Иркутская обл., г. Братск;ул. Янгеля, д. 120, ТЦ «Байкал»;;Ежедневно с 10:00 до 22:00.;;Детский мир;Супермаркет
Иркутская обл., г. Ангарск;81-й квартал, д. 3, ТРЦ «Центр»;;Ежедневно с 10:00 до 22:00;;Детский мир;Супермаркет
Ставропольский край, г. Ессентуки;ул. Октябрьская, д. 339, ТЦ «Вершина»;;Ежедневно с 10:00 до 22:00;;Детский мир;Супермаркет
г. Челябинск;ул. Черкасская, д. 15, ТЦ «КС»;;Ежедневно с 10:00 до 22:00;;Детский мир;Супермаркет
Республика Казахстан, г. Астана;пр-т Тауелсиздик, д. 34, ТЦ «Астана Молл»;;Ежедневно с 10:00 до 22:00;;Детский мир;Супермаркет
Республика Дагестан, г. Махачкала;пр.Гамидова, д. 61, ТЦ «Этажи», 4 этаж;;Ежедневно с 10:00 до 21:00;;Детский мир;Супермаркет
г. Москва;м. Октябрьское поле, ул. Маршала Бирюзова, д. 32, ТЦ «5 Авеню», 2 этаж;;Ежедневно с 10:00 до 22:00;;Детский мир;Мини
Кемеровская обл., г. Новокузнецк;ул. Зорге, д. 17, ТЦ «Сибирский городок»;;Ежедневно с 10:00 до 22:00;;Детский мир;Супермаркет
г. Москва;м. Каширская, Каширское шоссе, вл. 14, ТЦ «Гудзон», 2 этаж;;Ежедневно с 10:00 до 22:00;;Детский мир;Супермаркет
Московская обл., г. Мытищи;ул. Мира, д. 51, ТЦ «Июнь», 2 этаж;;Ежедневно с 10:00 до 22:00;;Детский мир;Супермаркет
г. Самара;ул. Красноармейская, д. 131, ТРК «Гудок», 1 и 2 этаж;;Ежедневно с 10:00 до 22:00;;Детский мир;Супермаркет
г. Ярославль;просп Машиностроителей, д. 30/18, ТРЦ «Яркий», 2 этаж;;Ежедневно с 10:00 до 22:00;;Детский мир;Супермаркет
Республика Чувашия, г. Новочебоксарск;ул. Винокурова, д. 64, рынок «Новочебоксарский»;;Ежедневно с 9:00 до 20:00;;Детский мир;Супермаркет
Московская обл., г. Лобня;ул. Ленина, д. 67, ТЦ «Катюшки»;;Ежедневно с 10:00 до 22:00;;Детский мир;Супермаркет
Краснодарский край, г. Армавир;ул. Энгельса, д. 57/2, 2 этаж;;Ежедневно с 10:00 до 22:00;;Детский мир;Супермаркет
г. Москва;м. Волжская, Волжский бульвар, квартал 113А, к1, ТЦ «Волжский», 2 этаж;;Ежедневно с 10:00 до 22:00;;Детский мир;Мини
г. Ярославль;Ленинградский проспект, д. 123, ТРЦ «Альтаир», 1 этаж;;Ежедневно с 10:00 до 22:00;;Детский мир;Супермаркет
Красноярский край, г. Ачинск;ул. 5 июля, д. 11, ТЦ «Сибирский городок», 4 этаж;;Ежедневно с 10:00 до 21:00;;Детский мир;Супермаркет
г. Москва;м. Ленинский проспект, Ленинский пр-т, д. 54, ТЦ «Универмаг Москва», 5 этаж;;Понедельник-суббота с 10:00 до 22:00,воскресенье с 10:00 до 21:00;;Детский мир;Супермаркет
г. Липецк;ул. Катукова, вл. 51, ТРЦ «Ривьера»;;Ежедневно с 10:00 до 22:00.;;Детский мир;Супермаркет
Московская обл., г. Коломна;ул.Октябрьской Революции, д. 362, ТЦ «РИО»;;Ежедневно с 10:00 до 22:00.;;Детский мир;Супермаркет
г. Орел;ул. Комсомольская, д. 260;;Ежедневно с 9:00 до 21:00;;Детский мир;Супермаркет
Московская обл., г. Королев;ул. Пионерская, д. 14А, ТРК «Золотые ворота», 2 этаж;;Ежедневно с 10:00 до 21:00.;;Детский мир;Супермаркет
г. Ижевск;ул. Пушкинская, д. 130, ТЦ «Пушкинский»;;Ежедневно с 09:00 до 22:00.;;Детский мир;Супермаркет
Свердловская обл., г. Первоуральск;пр. Ильича, д. 13а, стр. 1, ТЦ «Мегаполис»;;Ежедневно с 10:00 до 22:00.;;Детский мир;Супермаркет
Тамбовская обл., г. Мичуринск;ул. Промышленная, д. 2, ТЦ «Магнит»;;Ежедневно с 10:00 до 22:00.;;Детский мир;Супермаркет
Московская обл, г. Коломна;ул. Астахова, д. 4, корп. 1, ТЦ «Лента»;;Ежедневно с 10:00 до 22:00.;;Детский мир;Супермаркет
;Республика Башкортостан, Октябрьский г., просп. Ленина, 59/1, ТЦ «Верба»;;Ежедневно с 10:00 до 21:00.;;Детский мир;Супермаркет
Республика Казахстан, г. Актау;12А микрорайон, здание 1/3, ТЦ «Мечта»;;Ежедневно с 10:00 до 22:00.;;Детский мир;Супермаркет
г. Ростов;-на-Дону, ул. Лелюшенко - 4, ТЦ «Магнит»;;Ежедневно с 10:00 до 22:00;;Детский мир;Супермаркет
г.Тамбов;ул. Шлихтера, д.5а, ТЦ «Европа33»;;Ежедневно с 10:00 до 22:00.;;Детский мир;Супермаркет
Московская обл.,г.Балашиха;мкр.Кучино, ул.Центральная, д.40, ТЦ «Эдельвейс»;;Ежедневно с 10:00 до 22:00;;Детский мир;Супермаркет
