Абакан;ул. Кравченко, д.11К;Розничный магазин;Режим работы:10:00-20:00, ежедневно;8-800-250-25-25;Эльдорадо
Абдулино;ул. Коммунистическая, д. 93А;Розничный магазин;Режим работы:09:00-19:00, ежедневно;(35355)2-39-21;Эльдорадо
Абинск;ул. Советов, д.43Б;Розничный магазин;Режим работы:09:00 - 19:00, ежедневно;(86150) 4-15-83;Эльдорадо
Александров;ул. Ленина, д. 13;Розничный магазин;Режим работы:Пн.-сб.: 09:00-19:00, Вс.: 09:00-18:00;(910)181-39-36;Эльдорадо
Александровское;ул. Войтика, д. 16Б;Розничный магазин;Режим работы:09:00-18:00, ежедневно;(86557) 2-76-34;Эльдорадо
Алексин;ул. Мира, д. 20;ТЦ SPAR;Режим работы:10:00-21:00, ежедневно;8-800-250-25-25;Эльдорадо
Альметьевск;ул. Ленина 140;ТЦ «Западный»;Режим работы:09:00-20:00, ежедневно;8-800-250-25-25;Эльдорадо
Анапа;Анапское шоссе, д. 16;Розничный магазин;Режим работы:10:00 - 20:00, ежедневно;"(86133) 34-999; 34-947";Эльдорадо
Ангарск;ул. Чайковского, д. 42;Розничный магазин;Режим работы:10:00-20:00, ежедневно;8-800-250-25-25;Эльдорадо
Ангарск;Ленинградский пр-т, 18 микрорайон, д. 5;Розничный магазин;Режим работы:10:00-21:00, ежедневно;8-800-250-25-25;Эльдорадо
Апшеронск;ул. Ленина, д. 22В;Розничный магазин;Режим работы:09:00-19:00, ежедневно;(86152) 2-73-58;Эльдорадо
Арзамас;пр-т Ленина, д. 121А;ТЦ «Метро»;Режим работы:09:00-20:00, ежедневно;8-800-250-25-25;Эльдорадо
Армавир;ул. Энгельса, д. 57/2;Гипермаркет «Магнит»;Режим работы:10:00-22:00, ежедневно;8-800-250-25-25;Эльдорадо
Архангельск;ул. Иоанна Кронштадтского, д.16;ТЦ «Александр»;Режим работы:10:00-21:00, ежедневно;8-800-250-25-25;Эльдорадо
Архангельск;ул. Гайдара, д.52;ТРК «Сафари»;Режим работы:10:00-21:00, ежедневно;8-800-250-25-25;Эльдорадо
Архангельск;Ленинградский пр-т, д.38;ТРЦ «МАКСИ»;Режим работы:10:00-21:00, ежедневно;8-800-250-25-25;Эльдорадо
Астрахань;ул. Звездная, д.17;Розничный магазин;Режим работы:10:00-21:00, ежедневно;8-800-250-25-25;Эльдорадо
Астрахань;ул. Минусинская, д. 8;Розничный магазин;Режим работы:10:00-21:00, ежедневно;8-800-250-25-25;Эльдорадо
Ачинск;Микрорайон 1, 41 А, корп. 1;ТЦ «Лазурит»;Режим работы:10:00-20:00, ежедневно;8-800-250-25-25;Эльдорадо
Бавлы;ул. С.Сайдашева, д.11;Розничный магазин;Режим работы:08:00-19:00, ежедневно;(85569)4-60-29;Эльдорадо
Балаково;ул. Октябрьская, д.125;Розничный магазин;Режим работы:10:00 - 20:00, ежедневно;8-800-250-25-25;Эльдорадо
Балаково;ул. Минская д. 54;ТЦ «Оранж» ;Режим работы:09:00 - 21:00, ежедневно;8-800-250-25-25;Эльдорадо
Балашов;ул. Пролетарская, д. 12А;Розничный магазин;Режим работы:10:00 - 20:00, ежедневно;8-800-250-25-25;Эльдорадо
Балтаси;ул. Ленина, д. 68;Розничный магазин;Режим работы:08:00-18:00, ежедневно;(84368)2-52-85;Эльдорадо
Барнаул;ул. Мало-Олонская, д.28;Розничный магазин;Режим работы:10:00-20:00, ежедневно;8-800-250-25-25;Эльдорадо
Барнаул;ул. Попова, д.86;Розничный магазин;Режим работы:10:00-21:00, ежедневно;8-800-250-25-25;Эльдорадо
Барнаул;ул. Малахова, д. 86В;ТРЦ «Весна»;Режим работы:10:00-22:00, ежедневно;8-800-250-25-25;Эльдорадо
Барнаул;ул. Власихинская, д. 65;ТРЦ «Волна»;Режим работы:10:00-21:00, ежедневно;8-800-250-25-25;Эльдорадо
Барнаул;ул. Ленина, д. 102в;Розничный магазин;Режим работы:10:00-22:00, ежедневно;8-800-250-25-25;Эльдорадо
Батайск;ул. Куйбышева, д.163;Розничный магазин;Режим работы:09:00-19:00, ежедневно;(86354) 5-71-38;Эльдорадо
Белая Калитва;ул. Энтузиастов, д.6А;Розничный магазин;"Режим работы:Пн.- пт.: 09:00 -19:00; Сб.- вс.: 09:00 -17:00";"(86383) 4-00-79; 4-00-94";Эльдорадо
Белгород;ул. Пугачева, д. 5;Розничный магазин;Режим работы:10:00-21:00, ежедневно;8-800-250-25-25;Эльдорадо
Белгород;Пр-т Богдана Хмельницкого, д. 164;"ТРЦ ""РИО""";Режим работы:10:00-22:00, ежедневно;8-800-250-25-25;Эльдорадо
Белгород;ул. Щорса, д. 43А;"ТЦ ""Лента""";Режим работы:10:00 - 22:00, ежедневно;8-800-250-25-25;Эльдорадо
Белореченск;ул. Мира, д.75;Розничный магазин;Режим работы:09:00-19:00, ежедневно;(86155)2-31-44;Эльдорадо
Березники;ул. Юбилейная, д.49Б;Розничный магазин;Режим работы:10:00-21:00, ежедневно;8-800-250-25-25;Эльдорадо
Бижбуляк;ул. Победы, д.7;Розничный магазин;Режим работы:Пн.- пт.: 09:00 - 18:00, Сб.: 09:00 - 16:00, Вс.: 09:00 - 14:00;(34743) 2-19-47;Эльдорадо
Бийск;ул. Революции, д.92;Розничный магазин;Режим работы:09:00-20:00, ежедневно;8-800-250-25-25;Эльдорадо
Бийск;ул. Васильева, д.59/2;Розничный магазин;Режим работы:09:00-20:00, ежедневно;8-800-250-25-25;Эльдорадо
Благовещенск;ул. Мухина, д. 114;ТРЦ  «Острова»;Режим работы:10:00-22:00, ежедневно;8-800-250-25-25;Эльдорадо
Благодарный;ул. Ленина, д.185;Розничный магазин;Режим работы:09:00-19:00, ежедневно;(86549) 5-01-29;Эльдорадо
Большеустьикинское;ул. Первомайская, д. 6;Розничный магазин;"Режим работы:Пн.-пт.: 09:00-18:00; Сб.-вс.: 09:00-17:00";(34770)2-00-87;Эльдорадо
Борисоглебск;ул. Советская, д.80;Розничный магазин;Режим работы:09:00-21:00, ежедневно;8-800-250-25-25;Эльдорадо
Братск;ул. Подбельского, д.33;Розничный магазин;Режим работы:10:00-20:00, ежедневно;8-800-250-25-25;Эльдорадо
Братск;пр-т Стройиндустрии, стр.18;жилой район Энергетик;Режим работы:10:00-20:00, ежедневно;8-800-250-25-25;Эльдорадо
Брянск;ул. Ульянова, д. 58В;Розничный магазин;Режим работы:10:00-21:00, ежедневно;8-800-250-25-25;Эльдорадо
Брянск;ул. 2-я Мичурина, д.42;"""МБ""";Режим работы:10:00-21:00, ежедневно;8-800-250-25-25;Эльдорадо
Брянск;ул. Красноармейская, д.71;ТЦ «Тимошковых»;Режим работы:10:00-21:00, ежедневно;8-800-250-25-25;Эльдорадо
Бугульма;ул. Ленина, д.3а;Розничный магазин;Режим работы:9:00-20:00, ежедневно;8-800-250-25-25;Эльдорадо
Бугуруслан;ул. Московская, д. 55;Розничный магазин;Режим работы:09:00-19:00, ежедневно;(35352) 2-75-35;Эльдорадо
Буденновск;ул. Ленинская, д. 70;Розничный магазин;Режим работы:09:00-19:00, ежедневно;(86559) 2-06-20;Эльдорадо
Буздяк;ул. Красноармейская, д.31/1;Розничный магазин;"Режим работы:Пн. -пт.: 09:00-19:00; Сб.- вс.: 09:00-18:00";(34773) 3-01-14;Эльдорадо
Бузулук;ул. Ленина, д.56Ж;Розничный магазин;Режим работы:9:00-20:00, ежедневно;8-800-250-25-25;Эльдорадо
Бураево;ул. Октябрьская, дом 33;Розничный магазин;Режим работы:09:00-19:00, ежедневно;(34756)2-17-27;Эльдорадо
Вагай;ул. Октябрьская 35А;Розничный магазин;Режим работы:с 9.00 до 18.00;(902)-815-15-14;Эльдорадо
Великие Луки;ул. Вокзальная, д. 11;"ТЦ ""Апельсин""";Режим работы:10:00-21:00, ежедневно;8-800-250-25-25;Эльдорадо
Великий Новгород;Колмовская набережная, д.3;Розничный магазин;Режим работы:10:00-21:00, ежедневно;8-800-250-25-25;Эльдорадо
Верхнеяркеево;ул. Коммунистическая, д. 33/1;Розничный магазин;Режим работы:08:00-19:00, ежедневно;(34762)5-39-40;Эльдорадо
Вёшенская ст.;ул. Пансионатовская, д.7;Розничный магазин;Режим работы:Пн. - сб.: 09:00 -18:00, Вс.: 09:00 -15:00;(86353) 2-36-24;Эльдорадо
Владивосток;ул. Фадеева, д.30Б;Розничный магазин;Режим работы:10:00-21:00, ежедневно;8-800-250-25-25;Эльдорадо
Владивосток;ул. Русская, д. 87А;Розничный магазин;Режим работы:10:00-21:00, ежедневно;8-800-250-25-25;Эльдорадо
Владивосток;ул. Русская, д. 2а;"ТЦ ""Дружба""";Режим работы:10:00-21:00, ежедневно;8-800-250-25-25;Эльдорадо
Владикавказ;ул. Весенняя, д. 12;Гипермаркет «Магнит»;Режим работы:10:00-22:00, ежедневно;8-800-250-25-25;Эльдорадо
Владикавказ;Московское шоссе, д. 3к;"ТРЦ ""Алания Молл""";Режим работы:10:00-22:00, ежедневно;8-800-250-25-25;Эльдорадо
Владимир;ул.Тракторная, д.39;Розничный магазин;Режим работы:10:00-21:00, ежедневно;8-800-250-25-25;Эльдорадо
Владимир;ул. Большая Московская, д. 61;Розничный магазин;Режим работы:10:00-21:00, ежедневно;8-800-250-25-25;Эльдорадо
Владимир;Московское шоссе, д. 2;ТЦ «Лента»;Режим работы:10:00-21:00, ежедневно;8-800-250-25-25;Эльдорадо
Владимир;ул. Растопчина д.24а;"ТЦ ""Меридиан""";Режим работы:10:00-21:00, ежедневно;8-800-250-25-25;Эльдорадо
Волгоград;ул. Череповецкая, д. 11/1;Розничный магазин;Режим работы:10:00-21:00, ежедневно;8-800-250-25-25;Эльдорадо
Волгоград;ул. Ополченская, д.11К;Розничный магазин;Режим работы:Пн.-пт.: 10:00-21:00, Сб.- вс.: 09:00-20:00;8-800-250-25-25;Эльдорадо
Волгоград;ул. Домостроителей, д.15;Розничный магазин;Режим работы:10:00-21:00, ежедневно;8-800-250-25-25;Эльдорадо
Волгоград;ул. Пролетарская, д.18;Розничный магазин;Режим работы:10:00-21:00, ежедневно;8-800-250-25-25;Эльдорадо
Волгоград;пр-т Ленина, д. 65;Розничный магазин;Режим работы:10:00-21:00, ежедневно;8-800-250-25-25;Эльдорадо
Волгодонск;ул. Морская, д.43;Розничный магазин;Режим работы:10:00-21:00, ежедневно;8-800-250-25-25;Эльдорадо
Волжский;пр-т Ленина, д. 53;Розничный магазин;Режим работы:Пн. - пт.: 10:00-21:00, Сб.-вс.: 10:00-20:00;8-800-250-25-25;Эльдорадо
Волжский;Бульвар Профсоюзов, д.1Б;ТРК «Планета Лето»;Режим работы:10:00-21:00, ежедневно;8-800-250-25-25;Эльдорадо
Вологда;Окружное ш., 12;ТРЦ «РИО;Режим работы:10:00-21:00, ежедневно;8-800-250-25-25;Эльдорадо
Вологда;ул.Северная, д.7;ТЦ «Остров»;Режим работы:10:00-21:00, ежедневно;8-800-250-25-25;Эльдорадо
Вологда;ул.Ленинградская, д.100;"ТЦ ""Форум""";Режим работы:10:00-21:00, ежедневно;8-800-250-25-25;Эльдорадо
Волхов;г. Волхов, ул. Юрия Гагарина 1в;"ТЦ ""Cubus""";Режим работы:10:00-21:00;8-800-250-25-25;Эльдорадо
Воронеж;Ленинский пр-т, д.119Г;Розничный магазин;Режим работы:09:00-21:00, ежедневно;8-800-250-25-25;Эльдорадо
Воронеж;Ленинский пр-т, д.174П;Розничный магазин;Режим работы:10:00-22:00, ежедневно;8-800-250-25-25;Эльдорадо
Воронеж;ул. 20-летия Октября, д. 90;ТЦ «Солнечный Рай»;Режим работы:10:00-21:00, ежедневно;8-800-250-25-25;Эльдорадо
Воронеж;ул. Парковая, д. 3;"ТРК ""Сити-Парк ГРАД""";Режим работы:10:00-22:00, ежедневно;8-800-250-25-25;Эльдорадо
Воскресенск;Зелинского, д. 7А;ГМ «Магнит»;Режим работы:10:00-22:00, ежедневно;8-800-250-25-25;Эльдорадо
Выкса;ул. Ленина, д. 17;ТЦ «Выкса»;Режим работы:09:00-21:00, ежедневно;8-800-250-25-25;Эльдорадо
Выселки ст.;ул. Дзержинского, д.23;Розничный магазин;Режим работы:09:00 - 18:00, ежедневно;(86157) 7-60-14;Эльдорадо
Вязьма;ул. Космонавтов, д.8;Розничный магазин;"Режим работы:Пн.-пт.: 10:00-19:00; Сб.-вс.: 10:00-17:00";(48131)6-11-00;Эльдорадо
Гатчина;Пушкинское шоссе, д. 15А;ТЦ «Кубус»;Режим работы:10:00-21:00, ежедневно;8-800-250-25-25;Эльдорадо
Георгиевск;ул. Калинина, д.30;Розничный магазин;Режим работы:09:00-19:00, ежедневно;(87951) 5-13-78;Эльдорадо
Голышманово;ул. Ленина, д.29, стр 1;Розничный магазин;Режим работы:Пн.-пт.: 09:00-19:00, Сб.-вс.:09:00-18:00;(34546)2-87-55;Эльдорадо
Грозный;проспект Ахмада Кадырова, вл.40.;Розничный магазин;Режим работы:10:00 - 22:00;8-800-250-25-25;Эльдорадо
Грозный;ул. Маяковского, дом 98;Розничный магазин;Режим работы:10:00 - 21:00;8-800-250-25-25;Эльдорадо
Губкин;ул. Севастопольская, д.101А;Розничный магазин;Режим работы:10:00-21:00, ежедневно;8-800-250-25-25;Эльдорадо
Гуково;ул. Гагарина, д. 22;Розничный магазин;Режим работы:09:00-19:00, ежедневно;(86361) 4-04-50;Эльдорадо
Дзержинск;пр-т Ленина, д.66;Розничный магазин;Режим работы:9:00-21:00, ежедневно;8-800-250-25-25;Эльдорадо
Дзержинск;ул. Чкалова, д. 23;ТЦ «Юбилейный»;Режим работы:09:00-21:00, ежедневно;8-800-250-25-25;Эльдорадо
Димитровград;ул. Куйбышева, д. 226;Розничный магазин;Режим работы:9:00-20:00, ежедневно;8-800-250-25-25;Эльдорадо
Дмитров;ул.Профессиональная, д. 5В;ТЦ «Альбатрос»;Режим работы:9:00-21:00, ежедневно;8-800-250-25-25;Эльдорадо
Домодедово;Каширское шоссе, д.7;Розничный магазин;Режим работы:10:00-21:00, ежедневно;(925)588-18-90;Эльдорадо
Донецк;пр-т Мира, д. 142;Розничный магазин;Режим работы:10:00-19:00, ежедневно;(86368) 2-54-40;Эльдорадо
Дюртюли;ул. Первомайская, д.1/1;Розничный магазин;"Режим работы:Пн.- сб.: 09:00-19:00; Вс.: 09:00-18:00";(34787)2-23-33;Эльдорадо
Егорьевск;пр-т Ленина, д. 6А;Розничный магазин;Режим работы:09:00-20:00, ежедневно;(925)588-18-91;Эльдорадо
Ейск;ул. Армавирская, д. 45/3;Розничный магазин;Режим работы:09:00-19:00, ежедневно;(86132)3-64-46;Эльдорадо
Екатеринбург;ул. Шварца, д.17;ТК «Дирижабль»;Режим работы:10:00-22:00, ежедневно;8-800-250-25-25;Эльдорадо
Екатеринбург;Проспект Космонавтов;ТЦ «Омега»;Режим работы:10:00-21:00, ежедневно;8-800-250-25-25;Эльдорадо
Екатеринбург;ул. Вайнера, д.48;Розничный магазин;Режим работы:10:00-22:00, ежедневно;8-800-250-25-25;Эльдорадо
Екатеринбург;ул. Блюхера, д. 39;ТЦ «Аида»;Режим работы:10:00-22:00, ежедневно;8-800-250-25-25;Эльдорадо
Елабуга;проспект Нефтянников, д. 1А;Розничный магазин;Режим работы:10:00 - 20:00, ежедневно;(85557)9-91-99;Эльдорадо
Елец;ул. Радиотехническая, д. 5;ТЦ «Ваш Дом»;Режим работы:10:00-21:00, ежедневно;8-800-250-25-25;Эльдорадо
Енисейск;ул. Рабоче-Крестьянская, д. 197;Розничный магазин;Режим работы:10:00-20:00, ежедневно;(39195) 2-55-52;Эльдорадо
Ессентуки;ул. Октябрьская, д. 339;Розничный магазин;Режим работы:10:00-21:00, ежедневно;(87933) 8-93-09;Эльдорадо
Железногорск;ул. Ленина, д. 92;Розничный магазин;Режим работы:09:00-21:00, ежедневно;8-800-250-25-25;Эльдорадо
Железногорск;ул. Ленина, д. 57;ТЦ «Европа»;Режим работы:10:00-22:00, ежедневно;8-800-250-25-25;Эльдорадо
Железногорск (Красноярский край);ул. Курчатова, д.51;Розничный магазин;Режим работы:10:00-20:00, ежедневно;8-800-250-25-25;Эльдорадо
Железнодорожный;ул. Советская, д. 9;ТЦ «Эдельвейс»;Режим работы:10:00-21:00, ежедневно;8-800-250-25-25;Эльдорадо
Железнодорожный;ул. Советская, д. 5;ТРК «Юнион»;Режим работы:10:00-21:00, ежедневно;8-800-250-25-25;Эльдорадо
Жуковка;ул. Октябрьская, д.11;Розничный магазин;Режим работы:09:00-19:00, ежедневно;(48334)3-53-09;Эльдорадо
Жуковский;ул. Гудкова, д. 2А;Розничный магазин;Режим работы:10:00 - 21:00, ежедневно;(925) 588-18-93;Эльдорадо
Заводоуковск;ул. Заводская, д. 7Г;Розничный магазин;Режим работы:09:00-19:00, ежедневно;(34542)2-69-75;Эльдорадо
Заводоуковск;ул. Октябрьская, д.1Д;Розничный магазин;Режим работы:09:00-19:00, ежедневно;(34542) 2-69-65;Эльдорадо
Заинск;ул. Казанская, д.14;Розничный магазин;"Режим работы:Пн.-сб.: 09:00-19:00; Вс.: 09:00-18:00";(85558)3-30-70;Эльдорадо
Заринск;ул. Союза Республик, д.7;Розничный магазин;Режим работы:09:00 - 19:00, ежедневно;8(38595)7-86-58;Эльдорадо
Зеленоград;микрорайон 15, проезд 648, корп.1550, стр.1;ТЦ «Грин»;Режим работы:10:00-22:00, ежедневно;8-800-250-25-25;Эльдорадо
Зеленокумск;ул. Мира, д. 16;Розничный магазин;Режим работы:09:00-18:00, ежедневно;(86552) 6-80-62;Эльдорадо
Иваново;ул. Лежневская, д.164;ТЦ «Лента», 2 этаж;Режим работы:10:00-21:00, ежедневно;8-800-250-25-25;Эльдорадо
Иваново;пр. Шереметевский, д.89;Розничный магазин;Режим работы:10:00-21:00, ежедневно;8-800-250-25-25;Эльдорадо
Иваново;ул. Куконковых, д. 141;ТЦ «Евроленд»;Режим работы:10:00-22:00, ежедневно;8-800-250-25-25;Эльдорадо
Иваново;ул. Лежневская, д. 55;"ТРК ""Тополь""";Режим работы:10:00-22:00, ежедневно;8-800-250-25-25;Эльдорадо
Ивантеевка;ул. Хлебозаводская,д. 31/1;Розничный магазин;Режим работы:10:00-21:00, ежедневно;8-800-250-25-25;Эльдорадо
Иглино;ул. Горького, д.43;Розничный магазин;Режим работы:09:00-19:00, ежедневно;(34795) 2-30-32;Эльдорадо
Ижевск;ул. Удмуртская, д.304;ТОЦ «Аврора»;Режим работы:10:00-21:00, ежедневно;8-800-250-25-25;Эльдорадо
Изобильный;ул. Ленина, д. 81/3;Розничный магазин;Режим работы:09:00-19:00, ежедневно;(86545) 2-49-77;Эльдорадо
Ипатово;ул. Свердлова, д. 28;Розничный магазин;Режим работы:09:00-18:00, ежедневно;(86542) 5-62-75;Эльдорадо
Иркутск;ул. Вампилова, д. 2/2;ТЦ  «Байкальский Торговый Дом»;Режим работы:10:00-20:00, ежедневно;8-800-250-25-25;Эльдорадо
Иркутск;ул. Горького, д. 42;Розничный магазин;Режим работы:10:00-20:00, ежедневно;8-800-250-25-25;Эльдорадо
Иркутск;ул. Трактовая, д.35;Розничный магазин;Режим работы:10:00-20:00, ежедневно;8-800-250-25-25;Эльдорадо
Иркутск;ул. К.Либкнехта, д.239В;Розничный магазин;Режим работы:10:00-20:00, ежедневно;8-800-250-25-25;Эльдорадо
Иркутск;ул. Академическая, д.31;Розничный магазин;Режим работы:09:00-20:00, ежедневно;8-800-250-25-25;Эльдорадо
Иркутск;Верхняя Набережная,д.10;Розничный магазин;Режим работы:10:00-22:00, ежедневно;8-800-250-25-25;Эльдорадо
Исетское;ул. Элеваторная, д.7;Розничный магазин;Режим работы:09:00 -18:00, ежедневно;(34537) 2-24-88;Эльдорадо
Истра;пл. Революции, д. 6;Розничный магазин;Режим работы:Пн.-сб.: 10:00-20:00, Вс.: 10:00-18:00;(498)729-86-26;Эльдорадо
Ишим;ул. Луначарского, д.79;Розничный магазин;Режим работы:09:00-19:00, ежедневно;(34551)2-30-03;Эльдорадо
Йошкар-Ола;ул. Кремлевская, д.19;ТЦ «21 Век»;Режим работы:Пн. - Сб.: 10:00 - 20:00, Вс.: 10:00 - 18:00;8-800-250-25-25;Эльдорадо
Казань;пр. Ямашева, д. 97;ТЦ XL;Режим работы:10:00-22:00, ежедневно;8-800-250-25-25;Эльдорадо
Казань;ул. Ак. Парина, д.3;"ТЦ ""Сити - Центр""";Режим работы:10:00-22:00, ежедневно;8-800-250-25-25;Эльдорадо
Казань;ул. Ибрагимова, д. 56;ТРК «Тандем» ;Режим работы:10:00-22:00, ежедневно;8-800-250-25-25;Эльдорадо
Калуга;ул. Дзержинского, д.35;Розничный магазин;Режим работы:10:00-21:00, ежедневно;8-800-250-25-25;Эльдорадо
Калуга;ул. Кирова, д. 39;ТЦ «Европейский»;Режим работы:10:00-22:00, ежедневно;8-800-250-25-25;Эльдорадо
Калуга;ул. Московская, д. 338А;ТРЦ «Торговый Квартал»;Режим работы:10:00-22:00, ежедневно;8-800-250-25-25;Эльдорадо
Каменск-Шахтинский;ул. Ворошилова, д. 74;Розничный магазин;Режим работы:09:00-20:00, ежедневно;(86365) 5-12-83;Эльдорадо
Камышин;Микрорайон 5, д. 48Б;Гипермаркет «Магнит»;Режим работы:10:00-21:00, ежедневно;8-800-250-25-25;Эльдорадо
Каневская ст.;ул. Свердликова, д.197А;Розничный магазин;Режим работы:Пн.-пт.: 9:00-18:00, Сб.-вс.: 8:00-18:00;(86164) 7-36-25;Эльдорадо
Кашира;ул. Садовая,д. 32;ТЦ «Звезда»;Режим работы:10:00-22:00, ежедневно;8-800-250-25-25;Эльдорадо
Кемерово;пр-т Ленина, д.131;Розничный магазин;Режим работы:10:00-21:00, ежедневно;8-800-250-25-25;Эльдорадо
Кемерово;Советский проспект, д. 25А;Розничный магазин;Режим работы:10:00-21:00, ежедневно;8-800-250-25-25;Эльдорадо
Кинель-Черкассы;Площадь 50-летия Октября, д.10Д;Розничный магазин;Режим работы:09:00-19:00, ежедневно;(84660) 4-70-72;Эльдорадо
Кинешма;ул. Вичугская, д.140В;Розничный магазин;Режим работы:09:00-19:00, ежедневно;8-800-250-25-25;Эльдорадо
Киржач;ул. Серёгина, д. 16;Розничный магазин;"Режим работы:Пн.-сб.: 09:00-19:00; Вс.: 09:00-18:00";(919)012-11-46;Эльдорадо
Кириши;пр. Героев, дом 33;"ТЦ ""Кириши Плаза""";Режим работы:с 10:00 до 21:00;8-800-250-25-25;Эльдорадо
Киров;ул. Воровского, д.135;Розничный магазин;Режим работы:10:00-21:00, ежедневно;8-800-250-25-25;Эльдорадо
Киров;ул. Карла Маркса, д.4;Розничный магазин;Режим работы:10:00-21:00, ежедневно;8-800-250-25-25;Эльдорадо
Киров;ул. Воровского 77;ТЦ «ЦУМ»;Режим работы:10:00-21:00, ежедневно;8-800-250-25-25;Эльдорадо
Клин;ул. Карла Маркса, д. 4;ТЦ «Дарья»;Режим работы:10:00-22:00, ежедневно;8-800-250-25-25;Эльдорадо
Клинцы;ул. Дзержинского, д. 57;"""Гранд Парк""";Режим работы:10:00-21:00, ежедневно;8-800-250-25-25;Эльдорадо
Ковров;ул. Комсомольская, 116, стр. 4;ТЦ «Городок»;Режим работы:10:00-20:00, ежедневно;8-800-250-25-25;Эльдорадо
Козельск;ул. Большая Советская, д. 46;Розничный магазин;Режим работы:Пн.-сб.: 09:00-19:00, Вс.: 09:00-16:00;(48442)2-71-19;Эльдорадо
Коломна;ул. Октябрьской революции, д. 362;ТРЦ «Рио», 2-й этаж;Режим работы:10:00-22:00, ежедневно;8-800-250-25-25;Эльдорадо
Комсомольск-на-Амуре;ул. Димитрова, д.11;Розничный магазин;Режим работы:10:00-21:00, ежедневно;8-800-250-25-25;Эльдорадо
Комсомольск-на-Амуре;пр. Победы, д. 25;"ТЦ ""Майский""";Режим работы:10:00-20:00, ежедневно;8-800-250-25-25;Эльдорадо
Конаково;ул.Учебная, 16;Розничный магазин;"Режим работы:ПН-ПТ 9:00-19:00; СБ 9:00-18:00; ВС 9:00-17:00";8-48-242-3-01-01;Эльдорадо
Кореновск;ул. Красная, д. 122;Розничный магазин;Режим работы:Пн.-пт.: 09:00-20:00, Сб.-вс.: 09:00-21:00;(86142) 5-08-84;Эльдорадо
Королёв;пр-т Космонавтов, д. 7Г;Розничный магазин;Режим работы:10:00-21:00, ежедневно;8-800-250-25-25;Эльдорадо
Королёв;пр-т Космонавтов,д. 27Б;Розничный магазин;Режим работы:10:00-22:00, ежедневно;8-800-250-25-25;Эльдорадо
Костомукша;ул. Антикайнена, д. 2/3;Розничный магазин;"Режим работы:Пн.-сб.: 10:00-21:00; Вс.: 11:00-20:00";8(921)270-69-64;Эльдорадо
Кострома;пр-т Мира, д.54;Розничный магазин;Режим работы:9:00-20:00 ежедневно;8-800-250-25-25;Эльдорадо
Кострома;мкр. Паново, д.15;ТК «Паново»;Режим работы:10:00-21:00, ежедневно;8-800-250-25-25;Эльдорадо
Кострома;ул. Профсоюзная, д.25Б;Розничный магазин;Режим работы:10:00-21:00, ежедневно;8-800-250-25-25;Эльдорадо
Кострома;ул. Ткачей, д.7;ТРЦ «Галерея»;Режим работы:10:00-21:00, ежедневно;8-800-250-25-25;Эльдорадо
Котлас;проспект Мира, дом 18;"ТЦ ""Столица""";Режим работы:10:00-21:00, ежедневно;8-800-250-25-25;Эльдорадо
Кочки;ул. Некрасова, д. 5;Розничный магазин;Режим работы:Пн.-сб.: 09:00-18:00, Вс.: 09:00-15:00;(38356) 2-20-67;Эльдорадо
Красногвардейское с.;ул. Дружбы, д. 7/3;Розничный магазин;Режим работы:08:00 - 17:00, ежедневно;"(86541) 2-45-54; 4-51-15";Эльдорадо
Красногорск;Ленина, 2;ТРЦ «Красный Кит»;Режим работы:10:00-22:00, ежедневно;8-800-250-25-25;Эльдорадо
Краснодар;ул. Стасова, д.178;ТЦ «Медиаплаза»;Режим работы:10:00-21:00, ежедневно;8-800-250-25-25;Эльдорадо
Краснодар;ул. Крылатая, д. 2;ТРЦ «OZ Mall»;Режим работы:10:00-22:00, ежедневно;8-800-250-25-25;Эльдорадо
Краснодар;ул. Красная 176;"ТЦ ""Центр города""";Режим работы:10:00-22:00, ежедневно;8-800-250-25-25;Эльдорадо
Красноуфимск;ул. Трескова, д. 23;Розничный магазин;Режим работы:Пн.-пт.:09:00 - 19:00, Сб.-вс.:09:00 - 18:00;(34394) 7-62-02;Эльдорадо
Красноярск;ул. Диктатуры Пролетариата, д. 42;Розничный магазин;Режим работы:10:00-20:00, ежедневно;8-800-250-25-25;Эльдорадо
Красноярск;ул. Телевизорная, д.1;Розничный магазин;Режим работы:10:00-22:00, ежедневно;8-800-250-25-25;Эльдорадо
Красноярск;"пр-т им. Газеты ""Красноярский рабочий"", д. 30А, стр. 8.2";Розничный магазин;Режим работы:10:00-21:00, ежедневно;8-800-250-25-25;Эльдорадо
Красноярск;ул. Партизана Железняка, д.23;ТЦ «Июнь»;Режим работы:10:00-22:00, ежедневно;8-800-250-25-25;Эльдорадо
Красноярск;ул. Мате Залки, д.5.;ТЦ «Сибирский Городок»;Режим работы:10:00-21:00, ежедневно;8-800-250-25-25;Эльдорадо
Красный Сулин;ул. Московская, д.18;Розничный магазин;Режим работы:Пн.-пт.: 09:00-18:00, Сб.-вс.: 09:00-17:00;(86367) 5-02-92;Эльдорадо
Кропоткин;пер. Обрывной, д. 2;Розничный магазин;Режим работы:09:00 - 20:00, ежедневно;(86138)7-69-81;Эльдорадо
Крымск;ул. Демьяна Бедного, д. 8;Розничный магазин;Режим работы:09:00 - 18:00, ежедневно;(86131) 2-16-20;Эльдорадо
Кстово;площадь Ленина, 5;"ТРЦ ""АТОЛЛ"" ";Режим работы:09:00-21:00, ежедневно;8-800-250-25-25;Эльдорадо
Кузнецк;ул. Белинского, д. 82Б;Розничный магазин;Режим работы:9:00-20:00, ежедневно;8-800-250-25-25;Эльдорадо
Кунгур;ул. Бачурина, д. 56А;Розничный магазин;Режим работы:Пн.-сб.: 10:00-20:00, Вс.: 10:00-18:00;(34271) 3-68-09;Эльдорадо
Курган;ул. Омская, д.101, стр.23;Розничный магазин;"Режим работы:пн.-сб.: 9:00-21:00; вс.: 9:00-20:00";8-800-250-25-25;Эльдорадо
Курган;ул. Рихарда Зорге, д.41;Розничный магазин;Режим работы:10:00-20:00, ежедневно;8-800-250-25-25;Эльдорадо
Курганинск;ул. Милиционерская, д. 62А;Розничный магазин;Режим работы:09:00-18:00, ежедневно;(86147) 2-52-62;Эльдорадо
Курск;проспект Ленинского Комсомола, д.1А;Розничный магазин;Режим работы:10:00-21:00, ежедневно;8-800-250-25-25;Эльдорадо
Курск;ул. Ленина, д.30;Розничный магазин;Режим работы:10:00-22:00, ежедневно;8-800-250-25-25;Эльдорадо
Курск;ул. Карла Маркса, д.10;Розничный магазин;Режим работы:10:00-21:00, ежедневно;8-800-250-25-25;Эльдорадо
Кущевская ст.;ул. Ленина, д. 23;Розничный магазин;Режим работы:09:00 - 18:00, ежедневно;(86168) 5-32-84;Эльдорадо
Лабинск;ул. Халтурина, д. 51;Розничный магазин;Режим работы:09:00 -19:00, ежедневно;(86169) 3-36-32;Эльдорадо
Ленинградская ст.;пер.Базарный, д.32;Розничный магазин;Режим работы:09:00-18:00, ежедневно;"(86145) 3-03-23; 7-03-23";Эльдорадо
Лениногорск;ул. Ленинградская, д. 25 стр. 2;Розничный магазин;Режим работы:Пн.-сб.: 09:00-19:00, Вс.: 09:00-18:00;(85595) 5-47-57;Эльдорадо
Ленинск-Кузнецкий;пр-кт Текстильщиков, д.19;ТЦ «Апрель»;Режим работы:10:00-21:00, ежедневно;8-800-250-25-25;Эльдорадо
Ливны;ул. Кирова, д. 64;"""Центральный""";Режим работы:09:00-20:00, ежедневно;8-800-250-25-25;Эльдорадо
Липецк;ул. Космонавтов, д. 98;Розничный магазин;Режим работы:09:00-21:00, ежедневно;8-800-250-25-25;Эльдорадо
Липецк;ул. Меркулова, д. 2;Розничный магазин;Режим работы:09:00-21:00, ежедневно;8-800-250-25-25;Эльдорадо
Лобня;проезд Краснополянский,д. 2;ТЦ «Поворот»;Режим работы:10:00-22:00, ежедневно;8-800-250-25-25;Эльдорадо
Лыткарино;ул. Парковая, д. 2;ТЦ «Весна»;Режим работы:10:00-22:00, ежедневно;8-800-250-25-25;Эльдорадо
Люберцы;Октябрьский пр., д.146;Розничный магазин;Режим работы:10:00-21:00, ежедневно;8-800-250-25-25;Эльдорадо
Люберцы;ул. Побратимов, д.7;ТЦ «Светофор», 3 этаж;Режим работы:10:00-22:00, ежедневно;8-800-250-25-25;Эльдорадо
Магнитогорск;пр-т Карла Маркса, д.99;Розничный магазин;Режим работы:9:00-21:00, ежедневно;8-800-250-25-25;Эльдорадо
Магнитогорск;пр. Карла Маркса, д. 153;Розничный магазин;Режим работы:10:00-21:00, ежедневно;8-800-250-25-25;Эльдорадо
Майкоп;ул. Краснооктябрьская, д.36;Розничный магазин;Режим работы:09:00-19:00, ежедневно;"(8772) 52-49-91; 52-58-12";Эльдорадо
Малмыж;ул. Комсомольская, д.50;Розничный магазин;Режим работы:08:00-18:00, ежедневно;(83347) 2-18-34;Эльдорадо
Мамадыш;ул. Давыдова, д.30;Розничный магазин;Режим работы:08:00 - 18:00, ежедневно;(85563) 3-57-47;Эльдорадо
Мари-Турек;ул. Советская, д.23;Розничный магазин;Режим работы:Пн.- пт.: 08:00-18:00, Сб.- вс.: 08:00-14:00;(83634) 9-70-72;Эльдорадо
Махачкала;пр. Гамидова, д. 18Ж;ТЦ «Вегас»;Режим работы:10:00-21:00, ежедневно;8-800-250-25-25;Эльдорадо
Махачкала;просп. А. Акушинского, д. 105;"ТЦ ""Северный"" (напротив автовокзала ""Северный"")";Режим работы:09:00-21:00, ежедневно;8-800-250-25-25;Эльдорадо
Междуреченск;ул. Гули Королевой, д. 4A;Розничный магазин;Режим работы:10:00-20:00, ежедневно;8-800-250-25-25;Эльдорадо
Междуреченский;ул. Титова, д. 34;Розничный магазин;Режим работы:10:00-20:00, ежедневно;(34677)4-14-24;Эльдорадо
Менделеевск;ул. Октябрьская, д. 5;Розничный магазин;Режим работы:09:00-19:00, ежедневно;"8 (85549) 2-24-08; 2-48-10";Эльдорадо
Мензелинск;ул. Чернышевского, д.21А;Розничный магазин;Режим работы:Пн.-сб.: 09:00-19:00, Вс.: 09:00-16:00;(85555) 3-30-15;Эльдорадо
Миасс;ул. Академика Павлова, д. 54;Розничный магазин;Режим работы:10:00-20:00, ежедневно;8-800-250-25-25;Эльдорадо
Миллерово;ул. Л. Толстого, д. 46А;Розничный магазин;Режим работы:09:00-18:00, ежедневно;(86385) 3-25-58;Эльдорадо
Минеральные Воды;пр. 22 Партсъезда, д. 100/1;Розничный магазин;Режим работы:10:00-20:00, ежедневно;(87922) 6-06-93;Эльдорадо
Михайловск;ул. Фрунзе, д. 2;Розничный магазин;Режим работы:09:00-19:00, ежедневно;(86553) 6-33-93;Эльдорадо
Мичуринск;ул. Лаврова, 69;ТЦ «Один»;Режим работы:10:00-21:00, ежедневно;8-800-250-25-25;Эльдорадо
Можайск;ул. Бородинская,д. 1;Розничный магазин;Режим работы:10:00-19:00, ежедневно. Самовывоз крупной бытовой техники производится с 9:00 до 19:00 по адресу ул. Полевая, д.29.;8-800-250-25-25;Эльдорадо
Мончегорск;ул. Кондрикова д.34;ТЦ «Радужный»;Режим работы:10:00-20:00, ежедневно;8-800-250-25-25;Эльдорадо
Морозовск;ул. Ленина, д.186;Розничный магазин;Режим работы:Пн.-пт.: 08:00-18:00, Сб.-вс.: 08:00-15:00;(86384) 5-03-96;Эльдорадо
Москва;Речной вокзал;"<span class=""icon24"" style=""margin-right: 5px;margin-left: 0px;""></span>";Режим работы:круглосуточно;8-800-250-25-25;Эльдорадо
Москва;Тушинская;Пункт интернет-магазина;Режим работы:10:00-21:00, ежедневно;8-800-250-25-25;Эльдорадо
Москва;Петровско-Разумовская;ТЦ «XL»;Режим работы:10:00-22:00, ежедневно;8-800-250-25-25;Эльдорадо
Москва;Щелковская;ТЦ «Первомайский»;Режим работы:10:00-22:00, ежедневно;8-800-250-25-25;Эльдорадо
Москва;Бульвар Дм. Донского;Розничный магазин;Режим работы:9:00-22:00, ежедневно;8-800-250-25-25;Эльдорадо
Москва;Бибирево;ТЦ «Александр»;"Режим работы:пн.- пт.: 10:00-21:00; сб.- вс.: 10:00-22:00";8-800-250-25-25;Эльдорадо
Москва;Новые Черёмушки;ТЦ «Черёмушки»;Режим работы:10:00-21:00, ежедневно;8-800-250-25-25;Эльдорадо
Москва;Царицыно;ТЦ «Перекрёсток»;Режим работы:10:00-21:00, ежедневно;8-800-250-25-25;Эльдорадо
Москва;Бульвар Рокоссовского;ТЦ  «Подсолнухи»;Режим работы:10:00-22:00, ежедневно;8-800-250-25-25;Эльдорадо
Москва;Саларьево;ТЦ «Новопеределкино»;Режим работы:9:00-20:00, ежедневно;8-800-250-25-25;Эльдорадо
Москва;Багратионовская;ТК «Горбушкин двор» (вход со стороны Багратионовского проезда);Режим работы:10:00-21:00,ежедневно;8-800-250-25-25;Эльдорадо
Москва;Лермонтовский проспект;ТЦ  «Феникс»;Режим работы:10:00-22:00, ежедневно;8-800-250-25-25;Эльдорадо
Москва;Красногвардейская;ТРК «Облака»;Режим работы:10:00-22:00, ежедневно;8-800-250-25-25;Эльдорадо
Москва;Тушинская;ТЦ «Праздник»;Режим работы:9:00-21:00, ежедневно;8-800-250-25-25;Эльдорадо
Москва;Братиславская;ТК «Л-153»;Режим работы:10:00-22:00, ежедневно;8-800-250-25-25;Эльдорадо
Москва;ул. Бутаково, д.4;«Гранд»;Режим работы:10:00-21:00, ежедневно;8-800-250-25-25;Эльдорадо
Москва;Рязанский проспект;ТЦ  «Город»;Режим работы:10:00-22:00, ежедневно;8-800-250-25-25;Эльдорадо
Москва;Калужская;ТЦ «Калужский»;Режим работы:10:00-22:00, ежедневно;8-800-250-25-25;Эльдорадо
Москва;Дмитровское шоссе, д.163А;ТРЦ «Рио»;Режим работы:10:00-21:00, ежедневно;8-800-250-25-25;Эльдорадо
Москва;Теплый стан;ТЦ «Принц Плаза»;Режим работы:10:00-22:00, ежедневно;8-800-250-25-25;Эльдорадо
Москва;Ясенево;ТД  «Ясенево»;Режим работы:9:00-21:00, ежедневно;8-800-250-25-25;Эльдорадо
Москва;Пражская;ТЦ «Каренфор»;Режим работы:9:00-21:00, ежедневно;8-800-250-25-25;Эльдорадо
Москва;Бабушкинская;ТЦ «Седьмой Континент»;Режим работы:10:00-22:00, ежедневно;8-800-250-25-25;Эльдорадо
Москва;Новогиреево;ТЦ «Шангал»;Режим работы:10:00-22:00, ежедневно;8-800-250-25-25;Эльдорадо
Москва;Марьина Роща;ТРЦ «Райкин Плаза»;Режим работы:10:00-22:00, ежедневно;8-800-250-25-25;Эльдорадо
Москва;Молодежная;ТЦ  «Кунцево Плаза»;Режим работы:09:00-22:00, ежедневно;8-800-250-25-25;Эльдорадо
Москва;Митино;ТРЦ «Ладья»;Режим работы:10:00-22:00, ежедневно;8-800-250-25-25;Эльдорадо
Москва;Алтуфьево;ТРЦ «Весна»;Режим работы:10:00-22:00, ежедневно;8-800-250-25-25;Эльдорадо
Москва;Водный стадион;ТРЦ «Водный»;Режим работы:10:00-22:00, ежедневно;8-800-250-25-25;Эльдорадо
Москва;Медведково;ТЦ «АШАН»;Режим работы:09:00-22:00, ежедневно;8-800-250-25-25;Эльдорадо
Москва;Новокосино;ТЦ Косино-парк;Режим работы:10:00-22:00, ежедневно;8-800-250-25-25;Эльдорадо
Москва;Щелковская;"ТЦ ""Щёлково""";Режим работы:10:00-22:00, ежедневно;8-800-250-25-25;Эльдорадо
Мостовской пос.;ул. Кирова, д. 47;Розничный магазин;Режим работы:09:00-18:00, ежедневно;(86192) 5-90-00;Эльдорадо
Мурманск;пр-т Ленина, д. 28;Розничный магазин;Режим работы:10:00-21:00, ежедневно;8-800-250-25-25;Эльдорадо
Мурманск;Кольский пр-т, д.134;ТЦ «Форум»;Режим работы:10:00-21:00, ежедневно;8-800-250-25-25;Эльдорадо
Муром;ул. Ленина, д.70;Розничный магазин;Режим работы:09:00-20:00, ежедневно;8-800-250-25-25;Эльдорадо
Мытищи;ул. Щербакова, д. 2 , к.1;Розничный магазин;Режим работы:10:00-21:00, ежедневно;8-800-250-25-25;Эльдорадо
Мытищи;Медведково;ТЦ «АШАН»;Режим работы:09:00-22:00, ежедневно;8-800-250-25-25;Эльдорадо
Набережные Челны;ул. Тукая, д.93/100;Розничный магазин;Режим работы:Пн.-сб.: 10:00-21:00, Вс.: 10:00-20:00;8-800-250-25-25;Эльдорадо
Набережные Челны;Бульвар Энтузиастов, д.16;Розничный магазин;Режим работы:10:00-21:00, ежедневно;8-800-250-25-25;Эльдорадо
Набережные Челны;пр-т Сююмбике, д.2/19;Розничный магазин;Режим работы:10:00-21:00, ежедневно;8-800-250-25-25;Эльдорадо
Набережные Челны;пр. Яшьлек, д.12;Розничный магазин;Режим работы:10:00-21:00, ежедневно;8-800-250-25-25;Эльдорадо
Навля;ул. Советская, д. 8;Розничный магазин;Режим работы:Пн.-сб.: 09:00-18:00, Вс.: 09:00-15:00;(48342)2-19-23;Эльдорадо
Назрань;ул.Хрущева 40;Розничный магазин;Режим работы:10:00-20:00, ежедневно;8-800-250-25-25;Эльдорадо
Нальчик;ул. Кулиева, д.18;Розничный магазин;Режим работы:10:00-21:00, ежедневно;8-800-250-25-25;Эльдорадо
Нальчик;ул. Кирова, д. 320;ТЦ «Дея»;Режим работы:10:00-21:00, ежедневно;8-800-250-25-25;Эльдорадо
Наро-Фоминск;73-й км. Киевского шоссе;Розничный магазин;Режим работы:10:00 - 21:00, ежедневно;(496)344-64-68;Эльдорадо
Нарьян-Мар;ул. Портовая, д. 11А;Розничный магазин;Режим работы:10:00-19:00, ежедневно;(81853) 2-12-12;Эльдорадо
Находка;ул. Спортивная, д. 2;"ТЦ ""Ромашка"" ";Режим работы:10:00-21:00, ежедневно;8-800-250-25-25;Эльдорадо
Невинномысск;ул. Гагарина, д.1Б;Розничный магазин;"Режим работы:пн.-пт.: 9:00-20:00; сб.- вс.: 9:00-19:00";8-800-250-25-25;Эльдорадо
Нерюнгри;пр-т Мира, д.21;ТОЦ «Каскад»;Режим работы:10:00-20:00, ежедневно;8-800-250-25-25;Эльдорадо
Нестерово;ул. Летняя, дом 9;Розничный магазин;Режим работы:09:00-21:00, ежедневно;8 (968) 051 - 88 - 85;Эльдорадо
Нефтекамск;ул. Ленина, д.21Б;Розничный магазин;Режим работы:10:00-21:00, ежедневно;8-800-250-25-25;Эльдорадо
Нефтеюганск;микрорайон 2, д.33;Розничный магазин;Режим работы:10:00-21:00, ежедневно;8-800-250-25-25;Эльдорадо
Нижневартовск;ул. Ленина, д. 3П, стр. 1;Розничный магазин;Режим работы:10:00-21:00, ежедневно;8-800-250-25-25;Эльдорадо
Нижнекамск;ул. Гагарина, д.25;Розничный магазин;Режим работы:10:00 - 21:00, ежедневно;8-800-250-25-25;Эльдорадо
Нижнекамск;ул. Баки Урманче, д.15;Розничный магазин;Режим работы:с 9.00 до 21.00;8-800-250-25-25;Эльдорадо
Нижнеудинск;ул. Лермонтова, д.2;Розничный магазин;Режим работы:09:00-19:00, ежедневно;(39557)7-12-50;Эльдорадо
Нижний Новгород;Заречная;"ТЦ ""Муравей""";Режим работы:9:00-21:00, ежедневно;8-800-250-25-25;Эльдорадо
Нижний Новгород;Московское ш., д. 12;ТРЦ «РИО»;Режим работы:10:00-22:00, ежедневно;8-800-250-25-25;Эльдорадо
Нижний Новгород;ул. Белинского, д.124;Розничный магазин;Режим работы:10:00-21:00 ежедневно;8-800-250-25-25;Эльдорадо
Нижний Новгород;ул. Коминтерна, д.117;Розничный магазин;Режим работы:10:00-21:00, ежедневно;8-800-250-25-25;Эльдорадо
Нижний Новгород;пр-т Гагарина, д.78;Розничный магазин;Режим работы:10:00-21:00, ежедневно;8-800-250-25-25;Эльдорадо
Нижний Новгород;ул. Дьяконова, д.11A;ТЦ «Новый век»;Режим работы:10:00-21:00, ежедневно;8-800-250-25-25;Эльдорадо
Нижний Новгород;пр-т Молодежный, д.33;Розничный магазин;Режим работы:10:00-21:00, ежедневно;8-800-250-25-25;Эльдорадо
Нижний Новгород;ул. Родионова, д.187В;Розничный магазин;Режим работы:10:00-22:00, ежедневно;8-800-250-25-25;Эльдорадо
Нижний Тагил;ул. Зари, д.21;Розничный магазин;Режим работы:10:00-21:00, ежедневно;8-800-250-25-25;Эльдорадо
Нижний Тагил;ул. Фрунзе, д.56;Розничный магазин;Режим работы:10:00-21:00, ежедневно;8-800-250-25-25;Эльдорадо
Нижний Тагил;ул. Садовая, д.81;ТЦ «Райт»;Режим работы:10:00-21:00, ежедневно;8-800-250-25-25;Эльдорадо
Нижний Тагил;Свердловское шоссе, д. 31;ТЦ Ритейл парк DEPO;Режим работы:10:00-22:00, ежедневно;8-800-250-25-25;Эльдорадо
Новоалександровск;ул. Железнодорожная, дом 139Е;Розничный магазин;Режим работы:09:00-18:00, ежедневно;(86544)5-15-49;Эльдорадо
Новоалтайск;7 Микрорайон, д. 4;Розничный магазин;Режим работы:10:00-19:00, ежедневно;(38532) 4-27-15;Эльдорадо
Новокузнецк;ул. Франкфурта, д. 3;Розничный магазин;Режим работы:10:00-21:00, ежедневно;8-800-250-25-25;Эльдорадо
Новокузнецк;пр-т Архитекторов, д.14A;Новоильинский р-н;Режим работы:10:00-21:00, ежедневно;8-800-250-25-25;Эльдорадо
Новокузнецк;ул. Зорге, д.17;ТЦ «Сибирский Городок»;Режим работы:10:00-21:00, ежедневно;8-800-250-25-25;Эльдорадо
Новокузнецк;ул.Тореза, 61-В;"ТЦ""Радуга""";Режим работы:10:00-21:00, ежедневно;8-800-250-25-25;Эльдорадо
Новокузнецк;пр-кт Металлургов, д.16;"ТЦ ""Юность""";Режим работы:10:00-21:00, ежедневно;8-800-250-25-25;Эльдорадо
Новомосковск;ул. Рязанское шоссе, д.1Г;ТЦ «Spar»;Режим работы:10:00-21:00, ежедневно;8-800-250-25-25;Эльдорадо
Новороссийск;ул. Бирюзова, д. 3;территория ЦХСР;Режим работы:09:00-18:00, ежедневно;8-800-250-25-25;Эльдорадо
Новороссийск;пр-т Дзержинского,д. 211;Розничный магазин;Режим работы:10:00-21:00, ежедневно;8-800-250-25-25;Эльдорадо
Новороссийск;ул. Мира, д. 3;Гипермаркет «Магнит»;Режим работы:10:00-21:00, ежедневно;8-800-250-25-25;Эльдорадо
Новосибирск;Заельцовская;Розничный магазин;Режим работы:10:00-21:00, ежедневно;8-800-250-25-25;Эльдорадо
Новосибирск;ул. Кирова, д.113;Розничный магазин;Режим работы:10:00-20:00, ежедневно;8-800-250-25-25;Эльдорадо
Новосибирск;ул. Ипподромская, д. 46;ТЦ «Мегас»;Режим работы:10:00-21:00, ежедневно;8-800-250-25-25;Эльдорадо
Новосибирск;Бердское шоссе, д. 20;Розничный магазин;Режим работы:10:00-20:00, ежедневно;8-800-250-25-25;Эльдорадо
Новосибирск;Красный проспект, д. 2/1;ТЦ «Мегас»;Режим работы:10:00-21:00, ежедневно;8-800-250-25-25;Эльдорадо
Новосибирск;Березовая роща;Розничный магазин;Режим работы:10:00-21:00, ежедневно;8-800-250-25-25;Эльдорадо
Новосибирск;Карла Маркса;ТЦ «Версаль»;Режим работы:10:00-22:00, ежедневно;8-800-250-25-25;Эльдорадо
Новосибирск;ул.Кутателадзе, д.4;"ТРЦ ""ЭДЕМ""";Режим работы:10:00-22:00, ежедневно;8-800-250-25-25;Эльдорадо
Новочеркасск;пр-т Платовский, д.69;Розничный магазин;Режим работы:10:00-20:00, ежедневно;8-800-250-25-25;Эльдорадо
Новошахтинск;ул. Садовая, д. 32А;Розничный магазин;Режим работы:10:00-20:00, ежедневно;(86369)2-15-40;Эльдорадо
Ногинск;ул. Декабристов, д.9;Розничный магазин;Режим работы:10:00-21:00, ежедневно;(925)588-18-95;Эльдорадо
Норильск;ул. Лауреатов, д.64;Розничный магазин;Режим работы:10:00-20:00, ежедневно;8-800-250-25-25;Эльдорадо
Норильск;площадь Металлургов, д. 17;Розничный магазин;Режим работы:10:00-21:00, ежедневно;8-800-250-25-25;Эльдорадо
Ноябрьск;ул. Советская, д. 95;Розничный магазин;Режим работы:с 10:00 до 21:00;8-800-250-25-25;Эльдорадо
Нягань;Ленина, д. 28;ТЦ «Oasis plaza»;Режим работы:10:00-22:00, ежедневно;8-800-250-25-25;Эльдорадо
Обоянь;ул. Ленина, д.19Б;Розничный магазин;Режим работы:Пн.-сб.: 09:00-18:00, Вс.: 09:00-15:00;(47141) 2-26-01;Эльдорадо
Одинцово;ул. Маршала Неделина, д.6;ТЦ «О'Парк», 3 этаж;Режим работы:10:00-22:00, ежедневно;8-800-250-25-25;Эльдорадо
Одинцово;Можайское ш., 133а;ТЦ Вестор;Режим работы:10:00-22:00, ежедневно;8-800-250-25-25;Эльдорадо
Октябрьский;ул. Гоголя 31, корп. 4;Розничный магазин;Режим работы:10:00-21:00, ежедневно;8-800-250-25-25;Эльдорадо
Омск;ул.70 лет Октября, 19;ТЦ Festival City;Режим работы:10:00-21:00, ежедневно;8-800-250-25-25;Эльдорадо
Омск;ул. Энтузиастов, д. 2, корп. 1;ТЦ «ОКЕЙ»;Режим работы:10:00-22:00, ежедневно;8-800-250-25-25;Эльдорадо
Омск;ул. Нефтезаводская, д.28;Розничный магазин;Режим работы:10:00-21:00, ежедневно;8-800-250-25-25;Эльдорадо
Омск;ул. Березовского, д.19;Розничный магазин;"Режим работы:Пн.-пт: 10:00-21:00; Сб.- вс.: 10:00-22:00";8-800-250-25-25;Эльдорадо
Омск;пр-т Комарова, д.2, корпус 2;Розничный магазин;Режим работы:10:00-21:00, ежедневно;8-800-250-25-25;Эльдорадо
Омск;ул. Рождественского, д.6, к. 1;Розничный магазин;Режим работы:10:00-21:00, ежедневно;8-800-250-25-25;Эльдорадо
Омск;ул. Красный Путь, д.91;Розничный магазин;Режим работы:10:00-21:00, ежедневно;8-800-250-25-25;Эльдорадо
Омутинское;ул. Советская, д.124;Розничный магазин;Режим работы:Пн.-сб.:09:00-19:00, Вс.: 09:00-18:00;(34544) 2-79-59;Эльдорадо
Оренбург;ул. Туркестанская, д.161;Розничный магазин;Режим работы:10:00-22:00, ежедневно;8-800-250-25-25;Эльдорадо
Оренбург;ул. 8 Марта, д. 42;ТЦ «Восход»;Режим работы:10:00-22:00, ежедневно;8-800-250-25-25;Эльдорадо
Оренбург;ул. Новая, д.4;ТЦ «Гулливер»;Режим работы:10:00-22:00, ежедневно;8-800-250-25-25;Эльдорадо
Орехово-Зуево;ул. Якова Флиера, д.4;ТК «Капитолий»;Режим работы:09:00-22:00, ежедневно;8-800-250-25-25;Эльдорадо
Орёл;ул. Герцена, д. 20;Розничный магазин;Режим работы:10:00-21:00, ежедневно;8-800-250-25-25;Эльдорадо
Орёл;ул. Комсомольская, д. 270А;Розничный магазин;Режим работы:10:00-21:00, ежедневно;8-800-250-25-25;Эльдорадо
Орск;Проспект Мира, д.15Д;Розничный магазин;Режим работы:9:00-21:00, ежедневно;8-800-250-25-25;Эльдорадо
Отрадная ст.;ул. Широкая, д. 9А;Розничный магазин;Режим работы:09:00-18:00, ежедневно;(86144) 3-58-90;Эльдорадо
Отрадный;ул. Первомайская, д. 2Б;Розничный магазин;Режим работы:09:00-19:00, ежедневно;(84661) 2-42-19;Эльдорадо
Павлово;ул. Нижегородская, д.14;Розничный магазин;Режим работы:Пн.-пт.: 09:00-19:00, Сб.-вс.: 09:00-18:00;(83171) 2-15-07;Эльдорадо
Павловская ст.;ул. Горького, д.285;Розничный магазин;Режим работы:09:00-18:00, ежедневно;(86191)5-21-09;Эльдорадо
Павловский Посад;ул. Кирова,д. 5;ТЦ «Апрель» ;Режим работы:9:00-21:00, ежедневно;8-800-250-25-25;Эльдорадо
Пенза;ул. Кулакова, д.1;Розничный магазин;Режим работы:10:00-21:00, ежедневно;8-800-250-25-25;Эльдорадо
Пенза;пр-т Строителей, д. 45А;Розничный магазин;Режим работы:10:00-21:00, ежедневно;8-800-250-25-25;Эльдорадо
Первомайский;ул. Мирная, д. 59;Розничный магазин;Режим работы:09:00-19:00, ежедневно;(35348)2-10-31;Эльдорадо
Пермь;ул.Ленина, д.60;Розничный магазин;Режим работы:10:00-21:00, ежедневно;8-800-250-25-25;Эльдорадо
Пермь;ул. Подлесная, д.43Б;Розничный магазин;Режим работы:10:00-22:00, ежедневно;8-800-250-25-25;Эльдорадо
Пермь;ул. Куйбышева, д.85А;Розничный магазин;Режим работы:10:00-21:00, ежедневно;8-800-250-25-25;Эльдорадо
Пермь;ул. Героев Хасана, д.105А;Розничный магазин;Режим работы:10:00-22:00, ежедневно;8-800-250-25-25;Эльдорадо
Пермь;Бульвар Гагарина, д.46;ТЦ «Лайнер»;Режим работы:10:00-21:00, ежедневно;8-800-250-25-25;Эльдорадо
Петрозаводск;ул. Маршала Мерецкова, д. 11;"ТЦ ""Тетрис""";Режим работы:10:00-21:00, ежедневно;8-800-250-25-25;Эльдорадо
Петропавловск-Камчатский;ул. Вулканная, д. 59;"ТЦ ""Глобус""";Режим работы:10:00 - 21:00;8-800-250-25-25;Эльдорадо
Петропавловск-Камчатский;Проспект Победы 67/2;"ТЦ ""Шамса""";Режим работы:10:00-21:00;8-800-250-25-25;Эльдорадо
Подольск;Б. Серпуховская, д. 45;ТЦ «Капитолий», 2 этаж;Режим работы:9:00-21:00, ежедневно;8-800-250-25-25;Эльдорадо
Покров;ул. Ленина, д. 94;Розничный магазин;Режим работы:09:00-18:00, ежедневно;(930)741-08-08;Эльдорадо
Полтавская ст.;ул. Базарная, д.4;Розничный магазин;Режим работы:Пн.- пт.: 08:00-18:00, Сб.- вс.: 08:00-17:00;(86165)3-30-60;Эльдорадо
Похвистнево;ул. Революционная, д.10;Розничный магазин;Режим работы:09:00-19:00, ежедневно;(84656) 2-02-82;Эльдорадо
Приморско-Ахтарск;ул. Пролетарская, д. 111;Розничный магазин;Режим работы:09:00 - 18:00, ежедневно;"(86143) 3-11-35; 3-04-13";Эльдорадо
Прокопьевск;ул. Гагарина, д. 32;ТЦ «Чайка»;Режим работы:10:00-21:00, ежедневно;8-800-250-25-25;Эльдорадо
Псков;Октябрьский пр., д.56;Розничный магазин;Режим работы:10:00-21:00, ежедневно;8-800-250-25-25;Эльдорадо
Псков;ул. Кузбасской дивизии, д.19;Розничный магазин;Режим работы:10:00-21:00, ежедневно;8-800-250-25-25;Эльдорадо
Пушкино;Пушкинское шоссе,д. 6А;Розничный магазин;Режим работы:09:00-21:00, ежедневно;8-800-250-25-25;Эльдорадо
Пушкино;площадь Советская,д.1/7;Розничный магазин;Режим работы:09:00-21:00, ежедневно;8-800-250-25-25;Эльдорадо
Пятигорск;2-й км Георгиевского шоссе;TK «Предгорный»;Режим работы:9:00-20:00, ежедневно;8-800-250-25-25;Эльдорадо
Пятигорск;Черкесское шоссе, д.35;Розничный магазин;"Режим работы:пн.-сб.: 10:00-20:00; вс.: 10:00-19:00";8-800-250-25-25;Эльдорадо
Пятигорск;ул. Панагюриште, д. 1;ТЦ «Вершина»;Режим работы:09:30-21:30, ежедневно;8-800-250-25-25;Эльдорадо
Раменское;ул. Вокзальная,д. 4Б;ТЦ «Солнечный рай»;Режим работы:9:00-21:00, ежедневно;8-800-250-25-25;Эльдорадо
Республика Алтай;Коммунистический проспект, 11;"ТЦ ""Панорама""";Режим работы:10:00-21:00, ежедневно;8-800-250-25-25;Эльдорадо
Реутов;ул. Октября, д.10;ТЦ «Экватор»;Режим работы:10:00-22:00, ежедневно;8-800-250-25-25;Эльдорадо
Реутов;2-ой км МКАД;ТЦ «РИО»;Режим работы:10:00-22:00, ежедневно;8-800-250-25-25;Эльдорадо
Россошь;пл. Октябрьская, д. 22A;Розничный магазин;Режим работы:09:00-21:00, ежедневно;8-800-250-25-25;Эльдорадо
Ростов-на-Дону;пр-т Шолохова, д.31А;Розничный магазин;Режим работы:10:00-21:00, ежедневно;8-800-250-25-25;Эльдорадо
Ростов-на-Дону;;ТРЦ «РИО»;Режим работы:10:00-22:00, ежедневно;8-800-250-25-25;Эльдорадо
Ростов-на-Дону;пр. Нагибина, д. 32E;"ТРК ""Горизонт""";Режим работы:10:00 - 22:00, ежедневно;8-800-250-25-25;Эльдорадо
Рубцовск;ул. Арычная, д.8;Розничный магазин;Режим работы:10:00-20:00, ежедневно;8-800-250-25-25;Эльдорадо
Рузаевка;ул. Пионерская, д.119;Розничный магазин;Режим работы:9:00-20:00, ежедневно;8-800-250-25-25;Эльдорадо
Рыбинск;ул. Герцена, д.62;Розничный магазин;Режим работы:10:00-21:00, ежедневно;8-800-250-25-25;Эльдорадо
Рыбинск;ул. Максима Горького,д.10;ТЦ «Космос»;Режим работы:10:00-20:00, ежедневно;8-800-250-25-25;Эльдорадо
Рыльск;Советская площадь, д.9;Розничный магазин;Режим работы:Пн.-сб.: 09:00-18:00, Вс.: 09:00-15:00;(47152)2-62-25;Эльдорадо
Рязань;ул. Гагарина, д.164;ТК «Полетаевский»;Режим работы:10:00-21:00, ежедневно;8-800-250-25-25;Эльдорадо
Рязань;Первомайский пр-т, д.70, к.1;ТЦ «Виктория Плаза»;Режим работы:10:00-22:00, ежедневно;8-800-250-25-25;Эльдорадо
Рязань;Московское ш., д. 65А;ТРЦ «М5МОЛЛ»;Режим работы:10:00-22:00, ежедневно;8-800-250-25-25;Эльдорадо
Рязань;Московское ш., д.21;ТРЦ «Премьер»;Режим работы:10:00-22:00, ежедневно;8-800-250-25-25;Эльдорадо
Сальск;ул. Станиславского, д. 103;Розничный магазин;Режим работы:09:00-19:00, ежедневно;(86372) 5-31-87;Эльдорадо
Самара;Безымянка;"ТД ""Загорка""";Режим работы:10:00-21:00, ежедневно;8-800-250-25-25;Эльдорадо
Самара;Московская;"ТЦ ""Русь на Волге""";Режим работы:10:00-21:00, ежедневно;8-800-250-25-25;Эльдорадо
Самара;Кировская;"ТPK ""Вива Лэнд""";Режим работы:10:00-22:00, ежедневно;8-800-250-25-25;Эльдорадо
Самара;Кировская;ТЦ «Самолет»;Режим работы:10:00-22:00, ежедневно;8-800-250-25-25;Эльдорадо
Санкт-Петербург;Лиговский проспект;"ТЦ ""Платформа""";Режим работы:с 11:00 до 21:00, ежедневно;8-800-250-25-25;Эльдорадо
Санкт-Петербург;"""Обухово""";"Логопарк ""Троицкий"" (пропускной режим)";Режим работы:09:00-20:00, ежедневно;8-800-250-25-25;Эльдорадо
Санкт-Петербург;"""Василеостровская""";Розничный магазин;Режим работы:10:00-22:00, ежедневно;8-800-250-25-25;Эльдорадо
Санкт-Петербург;Академическая;ТЦ «Академический»;Режим работы:10:00-22:00, ежедневно;8-800-250-25-25;Эльдорадо
Санкт-Петербург;Проспект Большевиков;Ледовый дворец;Режим работы:10:00-22:00, ежедневно;8-800-250-25-25;Эльдорадо
Санкт-Петербург;Сенная площадь;ТК «Сенная»;Режим работы:10:00-22:00, ежедневно;8-800-250-25-25;Эльдорадо
Санкт-Петербург;проспект Просвещения;ТЦ «Норд»;Режим работы:10:00-22:00, ежедневно;8-800-250-25-25;Эльдорадо
Санкт-Петербург;Автово;ТК «Континент»;Режим работы:10:00-22:00, ежедневно;8-800-250-25-25;Эльдорадо
Санкт-Петербург;пр-т Косыгина, д.22;Розничный магазин;Режим работы:10:00-22:00, ежедневно;8-800-250-25-25;Эльдорадо
Санкт-Петербург;Чкаловская;Розничный магазин;Режим работы:10:00-22:00, ежедневно;8-800-250-25-25;Эльдорадо
Санкт-Петербург;ул.Типанова, д.21;ТРК «Питер»;Режим работы:10:00-21:00, ежедневно;8-800-250-25-25;Эльдорадо
Санкт-Петербург;Улица Дыбенко;ТК «Невский»;Режим работы:10:00-22:00, ежедневно;8-800-250-25-25;Эльдорадо
Санкт-Петербург;"""Пионерская""";ТРК «Сити-Молл»;Режим работы:10:00-22:00, ежедневно;8-800-250-25-25;Эльдорадо
Санкт-Петербург;Ленинский Проспект;ТЦ «Фиолент»;Режим работы:10:00-22:00, ежедневно;8-800-250-25-25;Эльдорадо
Санкт-Петербург;Бухарестская;ТРЦ «РИО»;Режим работы:10:00-22:00, ежедневно;8-800-250-25-25;Эльдорадо
Санкт-Петербург;Международная;Розничный магазин;Режим работы:10.00-22.00, ежедневно;8-800-250-25-25;Эльдорадо
Санкт-Петербург;Звездная;ТРК «Континент»;Режим работы:10:00-22:00, ежедневно;8-800-250-25-25;Эльдорадо
Санкт-Петербург;Улица Дыбенко;ТЦ «Мега Дыбенко»;Режим работы:10:00-22:00, ежедневно;8-800-250-25-25;Эльдорадо
Санкт-Петербург;Новочеркасская;"ТЦ ""Охта Молл""";Режим работы:10:00-22:00, ежедневно;8-800-250-25-25;Эльдорадо
Саранск;ул. Коваленко, д. 8А;Розничный магазин;Режим работы:10:00-21:00, ежедневно;8-800-250-25-25;Эльдорадо
Саранск;ул. Гагарина, д. 99А;ТЦ «МАХ»;Режим работы:10:00-21:00, ежедневно;8-800-250-25-25;Эльдорадо
Саранск;ул. Советская, д. 55А;ТРЦ «РИО»;Режим работы:10:00-22:00, ежедневно;8-800-250-25-25;Эльдорадо
Саратов;Набережная Космонавтов, д. 7А;Розничный магазин;Режим работы:10:00 - 21:00, ежедневно;8-800-250-25-25;Эльдорадо
Саратов;ул. Танкистов, д.1;Розничный магазин;Режим работы:10:00 - 21:00, ежедневно;8-800-250-25-25;Эльдорадо
Саратов;Вольский тракт, д. 2;ТК «HAPPY МОЛЛ»;Режим работы:10:00-22:00, ежедневно;8-800-250-25-25;Эльдорадо
Сасово;пр-т Свободы,д.30;Розничный магазин;Режим работы:10:00-19:00, ежедневно;(49133)2-49-49;Эльдорадо
Саянск;мкр. Олимпийский, д. 25а;ТЦ «Олимпийский»;Режим работы:10:00-21:00, ежедневно;8-800-250-25-25;Эльдорадо
Светлоград;пл. Выставочная, д. 47Г;Розничный магазин;Режим работы:09:00-19:00, ежедневно;(86547) 4-02-14;Эльдорадо
Северодвинск;ул. Ломоносова, д. 81;Розничный магазин;Режим работы:11:00-21:00, ежедневно;8-800-250-25-25;Эльдорадо
Северодвинск;пр-т Беломорский, д.18;Розничный магазин;Режим работы:10:00-21:00, ежедневно;8-800-250-25-25;Эльдорадо
Североморск;Мурманское шоссе;Розничный магазин;"Режим работы:Пн.-Сб.: 10:00-20:00; Вс.: 11:00-19:00";(921)270-69-64;Эльдорадо
Северская;ул. Ильская, д.21;Розничный магазин;Режим работы:09:00 - 18:00, ежедневно;(86166) 2-66-65;Эльдорадо
Селятино;ул. Спортивная, д. 2;"""Селятино Сити""";Режим работы:10:00-20:00, ежедневно;(496)349-00-00;Эльдорадо
Сергач;ул. Советская, д. 26А;Розничный магазин;"Режим работы:Пн.-пт.: 09:00-18:00; Сб.-вс.: 09:00-17:00";(920)062-77-23;Эльдорадо
Сергиев Посад;ул. Кооперативная, д. 3;ТЦ «Вознесенский»;Режим работы:10:00-22:00, ежедневно;8-800-250-25-25;Эльдорадо
Серов;ул. Заславского, 37;Розничный магазин;Режим работы:10:00-22:00, ежедневно;8-800-250-25-25;Эльдорадо
Серпухов;ул. Ворошилова, д. 214;Розничный магазин;Режим работы:10:00 - 21:00, ежедневно;8-800-250-25-25;Эльдорадо
Серпухов;Борисовское шоссе ,д.17;ТЦ «Самохвал»;Режим работы:10:00-21:00, ежедневно;8-800-250-25-25;Эльдорадо
Славянск-На-Кубани;ул. Ковтюха, д.100;Розничный магазин;Режим работы:09:00-20:00, ежедневно;(86146) 4-27-30;Эльдорадо
Смоленск;ул. Тухачевского, д.11;Розничный магазин;Режим работы:10:00-21:00, ежедневно;8-800-250-25-25;Эльдорадо
Смоленск;ул. Багратиона, д.12/13;Розничный магазин;Режим работы:10:00-21:00, ежедневно;8-800-250-25-25;Эльдорадо
Смоленск;ул. Рыленкова, д.18;ТЦ «РИО»;Режим работы:10:00-21:00, ежедневно;8-800-250-25-25;Эльдорадо
Смоленск;пл. Желябова, д. 1;ТЦ «Байкал»;Режим работы:10:00-20:00, ежедневно;8-800-250-25-25;Эльдорадо
Смоленск;ул. Ново-Московская, д. 2/8;ТРЦ «Галактика»;Режим работы:10:00-21:00, ежедневно;8-800-250-25-25;Эльдорадо
Солнечногорск;ул. Красная,д. 157;Розничный магазин;Режим работы:10:00-22:00, ежедневно;8-800-250-25-25;Эльдорадо
Сочи;ул. Донская, д.108;Розничный магазин;Режим работы:10:00-21:00, ежедневно;8-800-250-25-25;Эльдорадо
Сочи;ул. Северная, дом 6;"ТЦ ""Сан-Сити""";Режим работы:09:00-21:00, ежедневно;8-800-250-25-25;Эльдорадо
Ставрополь;пр. Карла Маркса, 53;ТЦ «Европейский»;Режим работы:c 09:00-21:00;8-800-250-25-25;Эльдорадо
Ставрополь;ул. Доваторцев, д.75А;Розничный магазин;"Режим работы:Пн.-сб.: 10:00-22:00; Вс.: 10:00-20:00";8-800-250-25-25;Эльдорадо
Ставрополь;пр-т Кулакова, д. 9Ж;Розничный магазин;Режим работы:10:00-21:00, ежедневно;8-800-250-25-25;Эльдорадо
Староминская;ул. Красная, д. 40;Розничный магазин;Режим работы:09:00-18:00, ежедневно;(86153) 4-26-46;Эльдорадо
Старый Оскол;пр-т А. Угарова, д. 6;Розничный магазин;Режим работы:10:00-21:00, ежедневно;8-800-250-25-25;Эльдорадо
Стерлитамак;ул. Артёма, д. 96;«АРБАТ»;Режим работы:10:00-21:00, ежедневно;8-800-250-25-25;Эльдорадо
Ступино;пр-т Победы, д.40;Розничный магазин;Режим работы:09:00-21:00, ежедневно;(916)115-62-83;Эльдорадо
Суоярви;ул. Ленина, д.37;Розничный магазин;Режим работы:Пн.-пт.: 10:00-19:00, Сб.-вс.: 11:00-18:00;"(81457) 5-36-97; 5-30-68";Эльдорадо
Сургут;проспект Ленина, д.41;ТЦ «Мир»;Режим работы:10:00-21:00, ежедневно;8-800-250-25-25;Эльдорадо
Сургут;ул. 30 лет Победы, д. 46;ТРЦ «Союз»;Режим работы:10:00-22:00, ежедневно;8-800-250-25-25;Эльдорадо
Суходол;ул. Суслова, д. 21А;Розничный магазин;Режим работы:09:00-19:00, ежедневно;(84655) 6-53-05;Эльдорадо
Сызрань;пр-т 50 лет Октября, д.54А;"ТЦ ""Монгора""";Режим работы:09:00-21:00, ежедневно;8-800-250-25-25;Эльдорадо
Сыктывкар;Октябрьский проспект, д 131/3;Розничный магазин;Режим работы:10:00-22:00, ежедневно;8-800-250-25-25;Эльдорадо
Сыктывкар;ул Коммунистическая 50;" ТЦ ""Парма""";Режим работы:10:00-22:00, ежедневно;8-800-250-25-25;Эльдорадо
Таганрог;ул. Дзержинского, д.165;к/т «Юность»;Режим работы:10:00-21:00, ежедневно;8-800-250-25-25;Эльдорадо
Тайшет;ул. Тимофеева, д.7;Розничный магазин;Режим работы:09:00 - 18:00, ежедневно;(86156)3-51-37;Эльдорадо
Тайшет;ул. Андреева, д.1-1Н;Розничный магазин;Режим работы:09:00-19:00, ежедневно;(39563)2-00-61;Эльдорадо
Тамбов;ул. Интернациональная, д.12;Розничный магазин;Режим работы:09:00-21:00, ежедневно;8-800-250-25-25;Эльдорадо
Тамбов;ул. Советская, д. 190;ТЦ «Магнит»;Режим работы:10:00-22:00, ежедневно;8-800-250-25-25;Эльдорадо
Тамбов;ул. Чичерина/Мичуринская, 27/211;ТЦ «Карусель»;Режим работы:10:00-22:00, ежедневно;8-800-250-25-25;Эльдорадо
Татарск;ул. Володарского, д. 2;Розничный магазин;"Режим работы:Пн.-пт.:10:00-19:00; Сб.-вс.:10:00-17:00";(38364)2-50-40;Эльдорадо
Тверь;пр-т Чайковского, д. 37;Розничный магазин;Режим работы:10:00-21:00, ежедневно;8-800-250-25-25;Эльдорадо
Тверь;площадь Гагарина, д.5.;ТЦ «РИО»;Режим работы:10:00-22:00, ежедневно;8-800-250-25-25;Эльдорадо
Темрюк;ул. Калинина, квартал 184, №1;Розничный магазин;Режим работы:09:00 - 21:00, ежедневно;(86148) 6-09-19;Эльдорадо
Тимашевск;ул. Пролетарская, д.114А;Розничный магазин;Режим работы:Пн.-пт.: 09:00-19:00, Сб.-вс.: 09:00-18:00;(86130) 4-28-61, 4-28-91;Эльдорадо
Тихорецк;ул. Ленинградская, д. 148;Розничный магазин;Режим работы:09:00 - 19:00, ежедневно;(86196) 7-22-02;Эльдорадо
Тобольск;ул. 7-й микрорайон, д. 30;"ТРЦ ""Жемчужина Сибири""";Режим работы:10:00-22:00, ежедневно;8-800-250-25-25;Эльдорадо
Тольятти;ул. Победы, д.78;Розничный магазин;Режим работы:10:00-21:00, ежедневно;8-800-250-25-25;Эльдорадо
Тольятти;ул. Революционная, д. 52А;ТЦ «Русь на Волге»;Режим работы:10:00-21:00, ежедневно;8-800-250-25-25;Эльдорадо
Тольятти;ул. Дзержинского, д. 21;"ТPK ""Капитал""";Режим работы:10:00-21:00, ежедневно;8-800-250-25-25;Эльдорадо
Тольятти;Южное шоссе, д.6;"ТЦ ""Акварель""";Режим работы:10:00-22:00, ежедневно;8-800-250-25-25;Эльдорадо
Томск;ул. Иркутский тракт, д.142/3;Розничный магазин;Режим работы:10:00 - 20:00, ежедневно;8-800-250-25-25;Эльдорадо
Томск;пр-т Ленина, д. 129;Розничный магазин;Режим работы:10:00-21:00, ежедневно;8-800-250-25-25;Эльдорадо
Томск;ул. Котовского, д. 19/2;Розничный магазин;Режим работы:10:00-20:00, ежедневно;8-800-250-25-25;Эльдорадо
Томск;пр-т Ленина, д. 217;Розничный магазин;Режим работы:10:00-20:00, ежедневно;8-800-250-25-25;Эльдорадо
Тоцкое;ул. Терешковой, д. 5 Л;Розничный магазин;Режим работы:09:00-19:00, ежедневно;(35349) 2-13-14;Эльдорадо
Троицк;ул. Советская, д.105;Розничный магазин;Режим работы:Пн.-пт.:10:00-19:00, Сб.:10:00-18:00, Вс.:10:00-16:00;(35163) 2-39-05;Эльдорадо
Трудобеликовский х.;ул. Ленина, д.17;Розничный магазин;Режим работы:09:00 - 20:00, ежедневно;(86165) 4-92-64;Эльдорадо
Тула;ул. Фрунзе, д. 3;ТЦ «Империя»;Режим работы:10:00-21:00, ежедневно;8-800-250-25-25;Эльдорадо
Тула;ул. Пролетарская, д. 22А;ТЦ «РИО»;Режим работы:10:00-22:00, ежедневно;8-800-250-25-25;Эльдорадо
Тула;ул. Максима Горького, д. 7А;Розничный магазин;Режим работы:10:00-21:00, ежедневно;8-800-250-25-25;Эльдорадо
Тула;ул. Пролетарская, д. 2;ТРЦ «Макси»;Режим работы:10:00-21:00, ежедневно;8-800-250-25-25;Эльдорадо
Тулун;ул. Виноградова, д.1;Розничный магазин;Режим работы:09:00 - 19:00, ежедневно;(39530) 4-00-70;Эльдорадо
Тюмень;ул. Мельникайте, д. 66/1;Розничный магазин;Режим работы:10:00-21:00, ежедневно;8-800-250-25-25;Эльдорадо
Тюмень;ул. Червишевский тракт, д.23;Розничный магазин;Режим работы:10:00-21:00, ежедневно;8-800-250-25-25;Эльдорадо
Тюмень;ул. Пермякова, д.50Б;Розничный магазин;Режим работы:10:00-21:00, ежедневно;8-800-250-25-25;Эльдорадо
Тюмень;ул. Тимофея Чаркова, д. 60;"ТЦ ""Стар СитиМол""";Режим работы:10:00 - 22:00, ежедневно;8-800-250-25-25;Эльдорадо
Улан-Удэ;ул. Ботаническая, д.71;Розничный магазин;Режим работы:10:00-21:00, ежедневно;8-800-250-25-25;Эльдорадо
Улан-Удэ;ул. Смолина, д.81;Розничный магазин;Режим работы:10:00-20:00, ежедневно;8-800-250-25-25;Эльдорадо
Улан-Удэ;ул. Балтахинова, д.15;ТЦ «GALAXY»;Режим работы:10:00-20:00, ежедневно;8-800-250-25-25;Эльдорадо
Ульяновск;ул. Рябикова, д. 49Б;ТК «ДАРС»;Режим работы:10:00-21:00, ежедневно;8-800-250-25-25;Эльдорадо
Ульяновск;Ульяновский проспект, д. 6;"ТЦ ""Гранд""";Режим работы:10:00-21:00, ежедневно;8-800-250-25-25;Эльдорадо
Ульяновск;Олимпийский пр-кт, д. 8а;"рядом с ""Леруа Мерлен""";Режим работы:10:00-21:00, ежедневно;8-800-250-25-25;Эльдорадо
Упорово;ул.Чивилева, д. 2А;Розничный магазин;"Режим работы:Пн.-пт.: 09:00-19:00; Сб.-вс.: 09:00-18:00";(34541) 3-39-05;Эльдорадо
Урай;ул. Толстого, дом 6;Розничный магазин;Режим работы:10:00-19:00, ежедневно;(34676)3-24-42;Эльдорадо
Уржум;ул. Гоголя, д. 94;Розничный магазин;Режим работы:Пн.-пт.: 08:00-18:00, Сб.-вс.: 08:00 - 14:00;(83363) 2-22-70;Эльдорадо
Усинск;ул. Молодежная, д.2;Розничный магазин;Режим работы:10:00 - 20:00, ежедневно;8-800-250-25-25;Эльдорадо
Усолье-Сибирское;Ленинский проспект, д.3;Розничный магазин;Режим работы:10:00-20:00, ежедневно;8-800-250-25-25;Эльдорадо
Уссурийск;ул. Калинина, д.48;Розничный магазин;Режим работы:10:00-20:00, ежедневно;8-800-250-25-25;Эльдорадо
Усть-Илимск;пр-т Мира, д.38Б;Розничный магазин;Режим работы:10:00-20:00, ежедневно;8-800-250-25-25;Эльдорадо
Усть-Лабинск;ул. Ленина, д. 93;Розничный магазин;Режим работы:09:00-19:00, ежедневно;(86135) 5-06-96;Эльдорадо
Уфа;ул. Чернышевского, д.100;Розничный магазин;Режим работы:10:00-21:00, ежедневно;8-800-250-25-25;Эльдорадо
Уфа;ул. Менделеева, д.137;Розничный магазин;Режим работы:10:00-21:00, ежедневно;8-800-250-25-25;Эльдорадо
Уфа;ул. Проспект Октября, д.34;ТЦ «Семья»;Режим работы:10:00-22:00, ежедневно;8-800-250-25-25;Эльдорадо
Уфа;ул. Рубежная, д. 174;Мега Уфа;Режим работы:10:00-22:00, ежедневно;8-800-250-25-25;Эльдорадо
Уфа;ул. Бакалинская, д. 27;"ТРЦ ""Ультра""";Режим работы:10:00 - 22:00;8-800-250-25-25;Эльдорадо
Ухта;ул. Строительная, д. 2А;"ТРЦ ""Ярмарка""";Режим работы:10:00-21:00, ежедневно;8-800-250-25-25;Эльдорадо
Фрязино;ул. Советская,д. 1В;Розничный магазин;Режим работы:09:00-21:00, ежедневно;8-800-250-25-25;Эльдорадо
Хабаровск;ул. П. Морозова, д.58;Розничный магазин;Режим работы:10:00-21:00, ежедневно;8-800-250-25-25;Эльдорадо
Хабаровск;ул. Волочаевская, д.87;Розничный магазин;Режим работы:10:00-21:00, ежедневно;8-800-250-25-25;Эльдорадо
Хадыженск;ул. Первомайская, д. 130;Розничный магазин;Режим работы:09:00 - 19:00, ежедневно;(86152) 4-00-01;Эльдорадо
Ханты-Мансийск;ул. Заводская, д.11А;Розничный магазин;Режим работы:10:00-21:00, ежедневно;8-800-250-25-25;Эльдорадо
Хасавюрт;Махачкалинское шоссе, дом 23 «г»;ТЦ «Магнат»;Режим работы:10:00-21:00, ежедневно;8-800-250-25-25;Эльдорадо
Чебоксары;ул. Калинина, д.105A;ТК «Мегамолл»;"Режим работы:Пн.-сб.: 10:00-21:00; Вс.: 10:00-20:00";8-800-250-25-25;Эльдорадо
Чебоксары;Пр-т Яковлева, д. 4Б;ТК «МТВ-Центр»;"Режим работы:пн.-сб.: 10.00-21.00; вс.: 10.00-20.00";8-800-250-25-25;Эльдорадо
Челябинск;ул. Братьев Кашириных, д.99А;Розничный магазин;Режим работы:10:00-21:00, ежедневно;8-800-250-25-25;Эльдорадо
Челябинск;ул. Дзержинского, д.93Б;Розничный магазин;Режим работы:10:00-21:00, ежедневно;8-800-250-25-25;Эльдорадо
Челябинск;ул. Сталеваров, д.5;Розничный магазин;Режим работы:10:00-21:00, ежедневно;8-800-250-25-25;Эльдорадо
Челябинск;ул. Салютная, д.27;Розничный магазин;Режим работы:10:00-21:00, ежедневно;8-800-250-25-25;Эльдорадо
Челябинск;ул. Молдавская, 14;"ТЦ ""Магнит""";Режим работы:10:00-22:00, ежедневно;8-800-250-25-25;Эльдорадо
Челябинск;ул.Дарвина, д.18А;"ТЦ ""Кольцо""";Режим работы:10:00 - 21:00, ежедневно;8-800-250-25-25;Эльдорадо
Черемхово;ул. Первомайская, д. 195;Розничный магазин;Режим работы:09:00-19:00, ежедневно;(39546) 6-24-44;Эльдорадо
Череповец;Московский пр-т, д. 51A;Розничный магазин;Режим работы:10:00-20:00, ежедневно;8-800-250-25-25;Эльдорадо
Череповец;пр-т Победы, д. 200;Розничный магазин;Режим работы:10:00-21:00, ежедневно;8-800-250-25-25;Эльдорадо
Череповец;ул. Ленинградская, д.1;"ТЦ ""Северо-Западный""";Режим работы:Пн.- сб.:10:00-21:00, Вс.: 10:00-20:00;8-800-250-25-25;Эльдорадо
Чехов;ул. Московская,вл. 96;ТЦ «Карнавал»;Режим работы:10:00-22:00, ежедневно;8-800-250-25-25;Эльдорадо
Чита;ул. Новобульварная, д.30;Розничный магазин;Режим работы:10:00-20:00, ежедневно;8-800-250-25-25;Эльдорадо
Чита;ул. Бабушкина, д.33;Розничный магазин;Режим работы:10:00-20:00, ежедневно;8-800-250-25-25;Эльдорадо
Шарыпово;6 микрорайон, д. 6;Розничный магазин;Режим работы:09:00-19:00, ежедневно;(39153)2-86-69;Эльдорадо
Шатрово;ул. Федосеева, д.66;Розничный магазин;Режим работы:09:00-18:00, ежедневно;(35257) 9-14-72;Эльдорадо
Шахты;ул. Советская, д. 239;Розничный магазин;Режим работы:Пн.- пт.: 10:00-20:00,Сб.- вс.: 10:00 - 21:00;8-800-250-25-25;Эльдорадо
Шелехов;3-й квартал, д.13;Розничный магазин;Режим работы:10:00-20:00, ежедневно;8-800-250-25-25;Эльдорадо
Щёлково;Пролетарский проспект, 10;ТД Щелково;Режим работы:9:00-21:00, ежедневно;8-800-250-25-25;Эльдорадо
Щигры;ул. Ленина, д.20;Розничный магазин;Режим работы:Пн.-сб.: 09:00-18.00, Вс.: 09:00-15:00;(47145)4-34-04;Эльдорадо
Электросталь;ул. Ялагина,д. 4;ТЦ «Меридиан»;Режим работы:10:00-22:00, ежедневно;8-800-250-25-25;Эльдорадо
Энгельс;проспект Химиков, д. 1, строение 5;"ТЦ ""Лидер""";Режим работы:10:00 - 21:00, ежедневно;8-800-250-25-25;Эльдорадо
Южно-Сахалинск;ул. Емельянова, д. 14;"ТЦ ""Панорама""";Режим работы:с 10:00 до 21:00;8-800-250-25-25;Эльдорадо
Южно-Сахалинск;ул. 2-я Центральная 1Б;"ТЦ ""СИТИ МОЛЛ""";Режим работы:с 10:00 до 21:00;8-800-250-25-25;Эльдорадо
Якутск;ул. Ф.Попова, 17;ТЦ «Дэлэй»;Режим работы:10:00-20:00, ежедневно;8-800-250-25-25;Эльдорадо
Ярославль;ул. Ленинградский проспект, 49A;Розничный магазин;Режим работы:10:00-20:00, ежедневно;8-800-250-25-25;Эльдорадо
Ярославль;Московский пр-т, д.108;ТРЦ «РИО»;Режим работы:10:00-22:00, ежедневно;8-800-250-25-25;Эльдорадо
Ярославль;Красный Бор, стр. 1;ТЦ «Глобус»;Режим работы:9:00-22:00, ежедневно;8-800-250-25-25;Эльдорадо
